phase,start,end,energy_mJ,note
idle_nocontext,1791055849.675205870,1791055859.678926906,1881662,no process
idle_context,1791055859.781169287,1791055871.445809048,2746201,CUDA context held, no work
dpf_c8t4,1791055872.992583500,1791055885.548896831,5989394,logN 22 n=21 B=16 2355 iters
dpf_c4t16,1791055890.632286909,1791055902.051189385,7262804,logN 22 n=19 B=256 872 iters
dpf_c8t8,1791055903.586618043,1791055916.856329001,7085365,logN 22 n=20 B=64 1521 iters
dpf_c2t64,1791055920.583625836,1791055932.109405524,7860965,logN 22 n=17 B=4096 237 iters
dpf_c2t128,1791055933.918137417,1791055947.936614471,8674483,logN 22 n=16 B=16384 120 iters
ntt_merge_lg20_b4,1791055948.400480221,1791055960.748750784,6713319,merge poly-mul
ntt_merge_lg20_b16,1791055960.831422519,1791055973.322771612,7867073,merge poly-mul
ntt_merge_lg20_b64,1791055973.629816793,1791055988.488048738,8438247,merge poly-mul
ntt_merge_lg22_b4,1791055988.573345663,1791056001.478845124,8042744,merge poly-mul
ntt_merge_lg22_b16,1791056001.830665385,1791056017.468167127,8738833,merge poly-mul
ntt_merge_lg22_b64,1791056017.712172044,1791056030.686655686,8228835,merge poly-mul
ntt_merge_lg24_b4,1791056031.127769643,1791056048.593424178,8757188,merge poly-mul
ntt_merge_lg24_b16,1791056048.749380395,1791056063.859228671,8378433,merge poly-mul
ntt_merge_lg24_b64,1791056064.204694961,1791056082.146196577,9190422,merge poly-mul
ntt_f4g_sm_lg20_b4,1791056082.237515225,1791056094.178913986,6255859,f4g_sm poly-mul
ntt_f4g_sm_lg20_b16,1791056094.491602219,1791056109.228223816,7227372,f4g_sm poly-mul
ntt_f4g_sm_lg20_b64,1791056109.328676470,1791056121.911253606,6862389,f4g_sm poly-mul
ntt_f4g_sm_lg22_b4,1791056122.316311506,1791056136.804688681,7830652,f4g_sm poly-mul
ntt_f4g_sm_lg22_b16,1791056136.907991971,1791056149.183842694,7473256,f4g_sm poly-mul
ntt_f4g_sm_lg22_b64,1791056149.518289115,1791056164.112757431,8008515,f4g_sm poly-mul
ntt_f4g_sm_lg24_b4,1791056164.207277251,1791056176.702762547,7563745,f4g_sm poly-mul
ntt_f4g_sm_lg24_b16,1791056177.159700604,1791056192.005894948,8092140,f4g_sm poly-mul
ntt_f4g_sm_lg24_b64,1791056192.096759598,1791056204.415347216,7909240,f4g_sm poly-mul
