gpu,lambda,N,c,t,batch,dpf_blk_ms,naive_ms_per_mul,4step_ms_per_mul,transpose_ms_per_mul,e2e_naive_ms,e2e_4step_ms,e2e_4step_dru_ms
NVIDIA L40S,80,1024,2,64,4,0.1510,0.0000,0.0000,0.0000,0.6040,0.6040,0.6040
NVIDIA L40S,80,2048,2,64,4,0.1610,0.0000,0.0000,0.0000,0.6440,0.6440,0.6440
NVIDIA L40S,80,4096,2,64,4,0.1960,0.0217,0.0328,0.0051,0.9576,1.0464,1.0056
NVIDIA L40S,80,8192,2,64,4,0.2270,0.0237,0.0329,0.0055,1.0976,1.1712,1.1272
NVIDIA L40S,80,16384,2,64,4,0.2510,0.0272,0.0376,0.0054,1.2216,1.3048,1.2616
NVIDIA L40S,80,32768,2,64,4,0.2840,0.0316,0.0373,0.0064,1.3888,1.4344,1.3830
NVIDIA L40S,80,65536,2,64,4,0.3280,0.0417,0.0433,0.0067,1.6456,1.6584,1.6046
NVIDIA L40S,80,131072,2,64,4,0.3840,0.0624,0.0532,0.0085,2.0352,1.9616,1.8934
NVIDIA L40S,80,262144,2,64,4,0.4610,0.0994,0.0728,0.0121,2.6392,2.4264,2.3296
NVIDIA L40S,80,524288,2,64,4,0.5760,0.1792,0.1150,0.0193,3.7376,3.2240,3.0696
NVIDIA L40S,80,1048576,2,64,4,0.8050,0.3849,0.2723,0.0697,6.2992,5.3984,4.8410
NVIDIA L40S,80,2097152,2,64,4,1.2270,2.5318,0.7670,0.2237,25.1624,11.0440,9.2542
NVIDIA L40S,80,4194304,2,64,4,2.0930,7.2446,2.2808,0.7113,66.3288,26.6184,20.9284
NVIDIA L40S,80,8388608,2,64,4,4.5740,15.8206,4.8893,1.4751,144.8608,57.4104,45.6094
NVIDIA L40S,80,16777216,2,64,4,8.8250,33.8370,9.8319,3.1140,305.9960,113.9552,89.0434
NVIDIA L40S,80,1024,4,16,16,0.1840,0.0000,0.0000,0.0000,2.9440,2.9440,2.9440
NVIDIA L40S,80,2048,4,16,16,0.2160,0.0000,0.0000,0.0000,3.4560,3.4560,3.4560
NVIDIA L40S,80,4096,4,16,16,0.2390,0.0060,0.0092,0.0014,4.0160,4.1184,4.0748
NVIDIA L40S,80,8192,4,16,16,0.2680,0.0069,0.0098,0.0015,4.5088,4.6016,4.5524
NVIDIA L40S,80,16384,4,16,16,0.2900,0.0090,0.0110,0.0017,4.9280,4.9920,4.9366
NVIDIA L40S,80,32768,4,16,16,0.3330,0.0132,0.0137,0.0022,5.7504,5.7664,5.6970
NVIDIA L40S,80,65536,4,16,16,0.3730,0.0210,0.0186,0.0031,6.6400,6.5632,6.4648
NVIDIA L40S,80,131072,4,16,16,0.4940,0.0380,0.0304,0.0056,9.1200,8.8768,8.6966
NVIDIA L40S,80,262144,4,16,16,0.6280,0.0816,0.0651,0.0168,12.6592,12.1312,11.5930
NVIDIA L40S,80,524288,4,16,16,0.9170,0.5734,0.1687,0.0530,33.0208,20.0704,18.3746
NVIDIA L40S,80,1048576,4,16,16,1.5090,1.6314,0.5121,0.1633,76.3488,40.5312,35.3046
NVIDIA L40S,80,2097152,4,16,16,2.3520,3.3633,1.0146,0.3274,145.2576,70.0992,59.6210
NVIDIA L40S,80,4194304,4,16,16,4.0240,7.0924,2.2769,0.7056,291.3408,137.2448,114.6670
NVIDIA L40S,80,8388608,4,16,16,7.8270,15.5915,4.8520,1.4850,624.1600,280.4960,232.9746
NVIDIA L40S,80,16777216,4,16,16,15.4590,33.5621,9.7708,3.0582,1321.3312,560.0096,462.1460
NVIDIA L40S,80,1024,8,4,64,0.2660,0.0000,0.0000,0.0000,17.0240,17.0240,17.0240
NVIDIA L40S,80,2048,8,4,64,0.2870,0.0000,0.0000,0.0000,18.3680,18.3680,18.3680
NVIDIA L40S,80,4096,8,4,64,0.3040,0.0019,0.0028,0.0005,19.6992,19.8144,19.7532
NVIDIA L40S,80,8192,8,4,64,0.3610,0.0029,0.0039,0.0006,23.4752,23.6032,23.5216
NVIDIA L40S,80,16384,8,4,64,0.4040,0.0044,0.0044,0.0008,26.4192,26.4192,26.3202
NVIDIA L40S,80,32768,8,4,64,0.4910,0.0080,0.0072,0.0013,32.4480,32.3456,32.1736
NVIDIA L40S,80,65536,8,4,64,0.6390,0.0174,0.0155,0.0040,43.1232,42.8800,42.3656
NVIDIA L40S,80,131072,8,4,64,0.0000,0.1285,0.0411,0.0136,16.4480,5.2608,3.5148
NVIDIA L40S,80,262144,8,4,64,0.0000,0.3671,0.1271,0.0400,46.9888,16.2688,11.1450
NVIDIA L40S,80,524288,8,4,64,0.0000,0.7668,0.2508,0.0790,98.1504,32.1024,21.9928
NVIDIA L40S,80,1048576,8,4,64,0.0000,1.5955,0.4986,0.1588,204.2240,63.8208,43.4920
NVIDIA L40S,80,2097152,8,4,64,0.0000,3.3201,1.0067,0.3222,424.9728,128.8576,87.6158
NVIDIA L40S,80,4194304,8,4,64,28.7420,7.0430,2.2220,0.7032,2740.9920,2123.9040,2033.8902
NVIDIA L40S,80,8388608,8,4,64,57.3900,15.6060,4.8328,1.4933,5670.5280,4291.5584,4100.4104
NVIDIA L40S,80,16777216,8,4,64,117.2820,0.0000,9.7719,3.0487,7506.0480,8756.8512,8366.6180
NVIDIA L40S,128,1024,2,128,4,0.9290,0.0000,0.0000,0.0000,3.7160,3.7160,3.7160
NVIDIA L40S,128,2048,2,128,4,0.1370,0.0000,0.0000,0.0000,0.5480,0.5480,0.5480
NVIDIA L40S,128,4096,2,128,4,0.1590,0.0219,0.0388,0.0059,0.8112,0.9464,0.8994
NVIDIA L40S,128,8192,2,128,4,0.1800,0.0241,0.0398,0.0063,0.9128,1.0384,0.9880
NVIDIA L40S,128,16384,2,128,4,0.2350,0.0272,0.0422,0.0068,1.1576,1.2776,1.2234
NVIDIA L40S,128,32768,2,128,4,0.2450,0.0321,0.0430,0.0064,1.2368,1.3240,1.2726
NVIDIA L40S,128,65536,2,128,4,0.3110,0.0419,0.0489,0.0080,1.5792,1.6352,1.5712
NVIDIA L40S,128,131072,2,128,4,0.3900,0.0626,0.0633,0.0115,2.0608,2.0664,1.9740
NVIDIA L40S,128,262144,2,128,4,0.4880,0.0989,0.0826,0.0139,2.7432,2.6128,2.5016
NVIDIA L40S,128,524288,2,128,4,0.6080,0.1791,0.1228,0.0202,3.8648,3.4144,3.2528
NVIDIA L40S,128,1048576,2,128,4,1.0120,0.3787,0.2803,0.0705,7.0776,6.2904,5.7266
NVIDIA L40S,128,2097152,2,128,4,1.8230,2.5293,0.7767,0.2277,27.5264,13.5056,11.6842
NVIDIA L40S,128,4194304,2,128,4,3.2340,7.2246,2.2968,0.7145,70.7328,31.3104,25.5948
NVIDIA L40S,128,8388608,2,128,4,6.1100,15.7814,4.9188,1.4964,150.6912,63.7904,51.8194
NVIDIA L40S,128,16777216,2,128,4,11.8420,33.7908,9.8946,3.0965,317.6944,126.5248,101.7526
NVIDIA L40S,128,1024,4,16,16,0.2000,0.0000,0.0000,0.0000,3.2000,3.2000,3.2000
NVIDIA L40S,128,2048,4,16,16,0.2170,0.0000,0.0000,0.0000,3.4720,3.4720,3.4720
NVIDIA L40S,128,4096,4,16,16,0.2470,0.0060,0.0109,0.0018,4.1440,4.3008,4.2444
NVIDIA L40S,128,8192,4,16,16,0.2630,0.0068,0.0114,0.0017,4.4256,4.5728,4.5186
NVIDIA L40S,128,16384,4,16,16,0.2890,0.0089,0.0131,0.0021,4.9088,5.0432,4.9760
NVIDIA L40S,128,32768,4,16,16,0.3310,0.0134,0.0161,0.0027,5.7248,5.8112,5.7242
NVIDIA L40S,128,65536,4,16,16,0.3990,0.0212,0.0205,0.0034,7.0624,7.0400,6.9298
NVIDIA L40S,128,131072,4,16,16,0.5150,0.0381,0.0304,0.0054,9.4592,9.2128,9.0394
NVIDIA L40S,128,262144,4,16,16,0.6650,0.0815,0.0653,0.0167,13.2480,12.7296,12.1938
NVIDIA L40S,128,524288,4,16,16,0.9120,0.5727,0.1708,0.0532,32.9184,20.0576,18.3566
NVIDIA L40S,128,1048576,4,16,16,1.4160,1.6234,0.5133,0.1627,74.6048,39.0816,33.8752
NVIDIA L40S,128,2097152,4,16,16,2.4510,3.3651,1.0129,0.3257,146.8992,71.6288,61.2052
NVIDIA L40S,128,4194304,4,16,16,5.0230,7.1097,2.2404,0.7033,307.8784,152.0608,129.5564
NVIDIA L40S,128,8388608,4,16,16,9.4070,15.6420,4.8556,1.4909,651.0560,305.8912,258.1808
NVIDIA L40S,128,16777216,4,16,16,17.6170,33.4988,9.7871,3.0656,1353.8336,595.0592,496.9612
NVIDIA L40S,128,1024,8,8,64,0.2300,0.0000,0.0000,0.0000,14.7200,14.7200,14.7200
NVIDIA L40S,128,2048,8,8,64,0.2570,0.0000,0.0000,0.0000,16.4480,16.4480,16.4480
NVIDIA L40S,128,4096,8,8,64,0.2760,0.0020,0.0030,0.0005,17.9200,18.0480,17.9818
NVIDIA L40S,128,8192,8,8,64,0.3150,0.0029,0.0037,0.0006,20.5312,20.6336,20.5582
NVIDIA L40S,128,16384,8,8,64,0.3560,0.0044,0.0047,0.0008,23.3472,23.3856,23.2808
NVIDIA L40S,128,32768,8,8,64,0.4040,0.0080,0.0069,0.0013,26.8800,26.7392,26.5678
NVIDIA L40S,128,65536,8,8,64,0.5020,0.0174,0.0154,0.0040,34.3552,34.0992,33.5876
NVIDIA L40S,128,131072,8,8,64,0.7040,0.1283,0.0411,0.0135,61.4784,50.3168,48.5846
NVIDIA L40S,128,262144,8,8,64,1.1210,0.3667,0.1271,0.0400,118.6816,88.0128,82.8902
NVIDIA L40S,128,524288,8,8,64,2.0530,0.7653,0.2539,0.0791,229.3504,163.8912,153.7648
NVIDIA L40S,128,1048576,8,8,64,4.0170,1.5905,0.5002,0.1594,460.6720,321.1136,300.7116
NVIDIA L40S,128,2097152,8,8,64,7.9020,3.3209,1.0137,0.3237,930.8032,635.4816,594.0424
NVIDIA L40S,128,4194304,8,8,64,15.5820,7.0436,2.2264,0.7025,1898.8288,1282.2272,1192.3080
NVIDIA L40S,128,8388608,8,8,64,32.9920,15.6178,4.8305,1.4901,4110.5664,2729.7920,2539.0580
NVIDIA L40S,128,16777216,8,8,64,63.9020,0.0000,9.7633,3.0549,4089.7280,5339.4304,4948.3996
