gpu,lambda,c,t,logN,rtt_us,arm,mode,iters,expand_ms,convert_ms,beaver_ms,ntt_ms,wall_ms,fingerprint,status
NVIDIA B200,80,2,64,20,5,serial,twopass,3,22.6335,22.8174,0.0405,9.7860,55.2792,750e3e24fc495712,OK
NVIDIA B200,80,2,64,20,5,serial,singlehash,3,22.6454,18.2609,0.0405,9.3978,50.3466,750e3e24fc495712,OK
NVIDIA B200,80,2,64,20,5,batched,twopass,3,21.5931,22.7779,0.0406,9.4822,53.8959,737a4c8aa9a23ad5,OK
NVIDIA B200,80,2,64,20,5,batched,singlehash,3,21.6091,18.3062,0.0406,9.7798,49.7378,737a4c8aa9a23ad5,OK
NVIDIA B200,80,2,64,20,0,serial,twopass,3,22.3132,22.7847,0.0001,9.7748,54.8745,750e3e24fc495712,OK
NVIDIA B200,80,2,64,20,0,serial,singlehash,3,22.3697,18.2482,0.0001,9.7897,50.4095,750e3e24fc495712,OK
NVIDIA B200,80,2,64,20,0,batched,twopass,3,21.4958,22.7685,0.0001,9.8205,54.0867,737a4c8aa9a23ad5,OK
NVIDIA B200,80,2,64,20,0,batched,singlehash,3,21.4839,18.3142,0.0001,9.8092,49.6091,737a4c8aa9a23ad5,OK
NVIDIA B200,80,2,64,21,5,serial,twopass,3,42.1194,45.2060,0.0405,19.6715,107.0406,c52b2eba27beb611,OK
NVIDIA B200,80,2,64,21,5,serial,singlehash,3,42.1394,35.8197,0.0405,19.7930,97.7954,c52b2eba27beb611,OK
NVIDIA B200,80,2,64,21,5,batched,twopass,3,41.3067,45.1932,0.0406,19.8106,106.3541,d5f334ce8d817c7c,OK
NVIDIA B200,80,2,64,21,5,batched,singlehash,3,41.2883,35.8938,0.0406,19.5158,96.7415,d5f334ce8d817c7c,OK
NVIDIA B200,80,2,64,21,0,serial,twopass,3,41.7627,45.1718,0.0001,19.5337,106.4712,c52b2eba27beb611,OK
NVIDIA B200,80,2,64,21,0,serial,singlehash,3,41.7686,35.7423,0.0001,19.6273,97.1410,c52b2eba27beb611,OK
NVIDIA B200,80,2,64,21,0,batched,twopass,3,41.1939,45.1891,0.0001,19.7656,106.1515,d5f334ce8d817c7c,OK
NVIDIA B200,80,2,64,21,0,batched,singlehash,3,41.2570,35.7710,0.0001,19.3456,96.3765,d5f334ce8d817c7c,OK
NVIDIA B200,80,2,64,22,5,serial,twopass,3,80.5915,89.8228,0.0405,39.8094,210.2690,ef4846915358e23b,OK
NVIDIA B200,80,2,64,22,5,serial,singlehash,3,80.5932,70.3181,0.0406,39.7616,190.7183,ef4846915358e23b,OK
NVIDIA B200,80,2,64,22,5,batched,twopass,3,80.5298,89.9120,0.0406,39.7630,210.2507,c0854d8103f5f62c,OK
NVIDIA B200,80,2,64,22,5,batched,singlehash,3,80.3320,70.2994,0.0406,38.8894,189.5668,c0854d8103f5f62c,OK
NVIDIA B200,80,2,64,22,0,serial,twopass,3,80.2081,89.9819,0.0001,38.9310,209.1261,ef4846915358e23b,OK
NVIDIA B200,80,2,64,22,0,serial,singlehash,3,80.2387,70.3522,0.0001,39.5505,190.1461,ef4846915358e23b,OK
NVIDIA B200,80,2,64,22,0,batched,twopass,3,80.1882,90.4504,0.0001,39.0777,209.7209,c0854d8103f5f62c,OK
NVIDIA B200,80,2,64,22,0,batched,singlehash,3,80.3098,70.2181,0.0001,39.5142,190.0469,c0854d8103f5f62c,OK
NVIDIA B200,80,2,64,23,5,serial,twopass,3,156.4900,179.4432,0.0406,80.3627,416.3473,fc8513d4e583d8c5,OK
NVIDIA B200,80,2,64,23,5,serial,singlehash,3,156.5045,138.0387,0.0405,79.1692,373.7630,fc8513d4e583d8c5,OK
NVIDIA B200,80,2,64,23,5,batched,twopass,3,157.4804,179.4432,0.0406,78.7728,415.7477,41a7dffd203d3be6,OK
NVIDIA B200,80,2,64,23,5,batched,singlehash,3,157.4355,138.7857,0.0406,80.0644,376.3377,41a7dffd203d3be6,OK
NVIDIA B200,80,2,64,23,0,serial,twopass,3,156.0972,179.2404,0.0001,79.1632,414.5109,fc8513d4e583d8c5,OK
NVIDIA B200,80,2,64,23,0,serial,singlehash,3,156.1002,138.1181,0.0001,78.3907,372.6172,fc8513d4e583d8c5,OK
NVIDIA B200,80,2,64,23,0,batched,twopass,3,157.3724,179.5061,0.0001,80.6306,417.5184,41a7dffd203d3be6,OK
NVIDIA B200,80,2,64,23,0,batched,singlehash,3,157.3507,138.5119,0.0001,80.3580,376.2317,41a7dffd203d3be6,OK
NVIDIA B200,80,2,64,24,5,serial,twopass,3,307.5008,332.3630,0.0406,160.6710,800.5986,fcb4842e416cfa70,OK
NVIDIA B200,80,2,64,24,5,serial,singlehash,3,307.5870,247.8058,0.0406,160.6053,716.0619,fcb4842e416cfa70,OK
NVIDIA B200,80,2,64,24,5,batched,twopass,3,,,,,,,OOM_SKIP
NVIDIA B200,80,2,64,24,5,batched,singlehash,3,,,,,,,OOM_SKIP
NVIDIA B200,80,2,64,24,0,serial,twopass,3,307.1020,331.8593,0.0001,157.4453,796.4281,fcb4842e416cfa70,OK
NVIDIA B200,80,2,64,24,0,serial,singlehash,3,307.1305,247.7685,0.0001,155.2844,710.2051,fcb4842e416cfa70,OK
NVIDIA B200,80,2,64,24,0,batched,twopass,3,,,,,,,OOM_SKIP
NVIDIA B200,80,2,64,24,0,batched,singlehash,3,,,,,,,OOM_SKIP
NVIDIA B200,80,4,16,20,5,serial,twopass,3,28.0702,27.6387,0.1622,38.4871,94.3648,ee2c5130872382cc,OK
NVIDIA B200,80,4,16,20,5,serial,singlehash,3,28.0054,22.3035,0.1622,36.8260,87.3042,ee2c5130872382cc,OK
NVIDIA B200,80,4,16,20,5,batched,twopass,3,20.6913,27.5426,0.1622,36.5476,84.9505,8ecf4a7a8409e5c3,OK
NVIDIA B200,80,4,16,20,5,batched,singlehash,3,20.6911,22.6503,0.1622,38.7151,82.2259,8ecf4a7a8409e5c3,OK
NVIDIA B200,80,4,16,20,0,serial,twopass,3,26.5787,27.6544,0.0003,38.5314,92.7711,ee2c5130872382cc,OK
NVIDIA B200,80,4,16,20,0,serial,singlehash,3,26.5620,22.7379,0.0003,39.1129,88.4196,ee2c5130872382cc,OK
NVIDIA B200,80,4,16,20,0,batched,twopass,3,20.5745,27.6623,0.0003,37.8891,86.1326,8ecf4a7a8409e5c3,OK
NVIDIA B200,80,4,16,20,0,batched,singlehash,3,20.5885,22.6086,0.0003,38.2381,81.4422,8ecf4a7a8409e5c3,OK
NVIDIA B200,80,4,16,21,5,serial,twopass,3,47.9908,54.5914,0.1621,77.7192,180.4757,608732c831422619,OK
NVIDIA B200,80,4,16,21,5,serial,singlehash,3,47.4775,43.9057,0.1621,79.0022,170.5581,608732c831422619,OK
NVIDIA B200,80,4,16,21,5,batched,twopass,3,40.0025,54.0174,0.1622,73.9366,168.1299,bacffa4f03585387,OK
NVIDIA B200,80,4,16,21,5,batched,singlehash,3,40.0259,43.9063,0.1622,78.7740,162.8783,bacffa4f03585387,OK
NVIDIA B200,80,4,16,21,0,serial,twopass,3,45.9918,54.2051,0.0003,78.3221,178.5297,608732c831422619,OK
NVIDIA B200,80,4,16,21,0,serial,singlehash,3,45.9677,43.8740,0.0003,78.9422,168.7953,608732c831422619,OK
NVIDIA B200,80,4,16,21,0,batched,twopass,3,39.9047,54.6547,0.0003,78.0391,172.6090,bacffa4f03585387,OK
NVIDIA B200,80,4,16,21,0,batched,singlehash,3,39.8921,44.0133,0.0003,77.6887,161.6061,bacffa4f03585387,OK
NVIDIA B200,80,4,16,22,5,serial,twopass,3,85.6828,101.2326,0.1621,159.1327,346.2260,f7c03a619f5a4574,OK
NVIDIA B200,80,4,16,22,5,serial,singlehash,3,89.5408,81.8094,0.1634,156.9059,328.4384,f7c03a619f5a4574,OK
NVIDIA B200,80,4,16,22,5,batched,twopass,3,78.4524,101.7090,0.1622,158.5117,338.8545,f636dfc7b8379793,OK
NVIDIA B200,80,4,16,22,5,batched,singlehash,3,78.4498,78.7567,0.1622,153.2206,310.6112,f636dfc7b8379793,OK
NVIDIA B200,80,4,16,22,0,serial,twopass,3,83.9747,101.2712,0.0004,155.3488,340.6126,f7c03a619f5a4574,OK
NVIDIA B200,80,4,16,22,0,serial,singlehash,3,84.0800,78.6267,0.0003,154.4778,317.2020,f7c03a619f5a4574,OK
NVIDIA B200,80,4,16,22,0,batched,twopass,3,78.3225,100.8025,0.0003,154.8022,333.9482,f636dfc7b8379793,OK
NVIDIA B200,80,4,16,22,0,batched,singlehash,3,78.3776,79.3328,0.0003,157.2791,315.0086,f636dfc7b8379793,OK
NVIDIA B200,80,4,16,23,5,serial,twopass,3,161.0053,194.1368,0.1622,311.2563,666.6034,cbf5e46772a0d706,OK
NVIDIA B200,80,4,16,23,5,serial,singlehash,3,161.0722,148.4823,0.1622,298.3859,608.1385,cbf5e46772a0d706,OK
NVIDIA B200,80,4,16,23,5,batched,twopass,3,154.8414,193.6887,0.1623,297.2386,645.9731,029a711980cf713b,OK
NVIDIA B200,80,4,16,23,5,batched,singlehash,3,155.0467,147.4855,0.1623,295.5896,598.3254,029a711980cf713b,OK
NVIDIA B200,80,4,16,23,0,serial,twopass,3,159.4052,195.5918,0.0004,315.9199,670.9580,cbf5e46772a0d706,OK
NVIDIA B200,80,4,16,23,0,serial,singlehash,3,159.3530,150.0146,0.0003,314.6380,624.0471,cbf5e46772a0d706,OK
NVIDIA B200,80,4,16,23,0,batched,twopass,3,154.8472,196.0739,0.0003,314.8617,665.8231,029a711980cf713b,OK
NVIDIA B200,80,4,16,23,0,batched,singlehash,3,154.8540,149.4557,0.0003,307.8416,612.1928,029a711980cf713b,OK
NVIDIA B200,80,4,16,24,5,serial,twopass,3,311.0114,382.4230,0.1626,589.8029,1283.4799,b59a069b6144b0b8,OK
NVIDIA B200,80,4,16,24,5,serial,singlehash,3,310.8913,293.2709,0.1626,601.1123,1205.5238,b59a069b6144b0b8,OK
NVIDIA B200,80,4,16,24,5,batched,twopass,3,,,,,,,OOM_SKIP
NVIDIA B200,80,4,16,24,5,batched,singlehash,3,,,,,,,OOM_SKIP
NVIDIA B200,80,4,16,24,0,serial,twopass,3,309.1387,382.7841,0.0003,608.1074,1300.1215,b59a069b6144b0b8,OK
NVIDIA B200,80,4,16,24,0,serial,singlehash,3,309.0689,291.5381,0.0003,604.6825,1205.3672,b59a069b6144b0b8,OK
NVIDIA B200,80,4,16,24,0,batched,twopass,3,,,,,,,OOM_SKIP
NVIDIA B200,80,4,16,24,0,batched,singlehash,3,,,,,,,OOM_SKIP
NVIDIA B200,80,8,4,20,5,serial,twopass,3,54.1920,46.8386,0.6495,151.5660,253.2707,cb6c9562612cf06f,OK
NVIDIA B200,80,8,4,20,5,serial,singlehash,3,54.2081,39.1101,0.6495,152.1460,246.1388,cb6c9562612cf06f,OK
NVIDIA B200,80,8,4,20,5,batched,twopass,3,20.2544,46.3807,0.6506,153.2785,220.5913,c5854e47fdfa3cbd,OK
NVIDIA B200,80,8,4,20,5,batched,singlehash,3,20.2398,39.6387,0.6502,154.8339,215.3908,c5854e47fdfa3cbd,OK
NVIDIA B200,80,8,4,20,0,serial,twopass,3,47.8395,46.4966,0.0012,152.9589,247.3219,cb6c9562612cf06f,OK
NVIDIA B200,80,8,4,20,0,serial,singlehash,3,47.7881,39.9400,0.0012,152.7104,240.4640,cb6c9562612cf06f,OK
NVIDIA B200,80,8,4,20,0,batched,twopass,3,20.1490,46.5372,0.0012,152.5740,219.2888,c5854e47fdfa3cbd,OK
NVIDIA B200,80,8,4,20,0,batched,singlehash,3,20.1373,39.4059,0.0012,152.3323,211.9046,c5854e47fdfa3cbd,OK
NVIDIA B200,80,8,4,21,5,serial,twopass,3,75.5662,82.6352,0.6489,287.5475,446.4414,40e890ae5f3288b6,OK
NVIDIA B200,80,8,4,21,5,serial,singlehash,3,75.5541,71.5004,0.6487,291.0761,438.8219,40e890ae5f3288b6,OK
NVIDIA B200,80,8,4,21,5,batched,twopass,3,39.3845,84.6603,0.6502,293.2798,418.0213,a5e7181e03226aa4,OK
NVIDIA B200,80,8,4,21,5,batched,singlehash,3,39.3923,71.8037,0.6501,291.2058,403.0993,a5e7181e03226aa4,OK
NVIDIA B200,80,8,4,21,0,serial,twopass,3,68.9108,83.8204,0.0013,292.1093,444.8834,40e890ae5f3288b6,OK
NVIDIA B200,80,8,4,21,0,serial,singlehash,3,69.0170,74.2776,0.0012,291.7397,435.0763,40e890ae5f3288b6,OK
NVIDIA B200,80,8,4,21,0,batched,twopass,3,39.3267,86.2180,0.0012,294.4527,420.0420,a5e7181e03226aa4,OK
NVIDIA B200,80,8,4,21,0,batched,singlehash,3,39.2691,72.6414,0.0012,295.7688,407.7270,a5e7181e03226aa4,OK
NVIDIA B200,80,8,4,22,5,serial,twopass,3,115.4081,165.4732,0.6496,559.9501,841.5632,ff67262df109fe54,OK
NVIDIA B200,80,8,4,22,5,serial,singlehash,3,115.4889,142.1743,0.6491,556.8353,815.2231,ff67262df109fe54,OK
NVIDIA B200,80,8,4,22,5,batched,twopass,3,77.6048,164.6401,0.6501,591.6811,834.6636,1b36125675a13d7a,OK
NVIDIA B200,80,8,4,22,5,batched,singlehash,3,77.6159,142.2717,0.6502,589.2850,809.8974,1b36125675a13d7a,OK
NVIDIA B200,80,8,4,22,0,serial,twopass,3,108.4177,166.6657,0.0013,595.1054,870.2666,ff67262df109fe54,OK
NVIDIA B200,80,8,4,22,0,serial,singlehash,3,108.2359,139.7512,0.0012,593.7554,841.8212,ff67262df109fe54,OK
NVIDIA B200,80,8,4,22,0,batched,twopass,3,77.5096,164.5309,0.0012,593.8166,835.9468,1b36125675a13d7a,OK
NVIDIA B200,80,8,4,22,0,batched,singlehash,3,77.5264,141.0005,0.0012,587.0607,805.6779,1b36125675a13d7a,OK
NVIDIA B200,80,8,4,23,5,serial,twopass,3,192.3527,321.8431,0.6511,1115.2121,1630.2027,6109161af20abe4c,OK
NVIDIA B200,80,8,4,23,5,serial,singlehash,3,192.4058,277.5896,0.6503,1127.3389,1598.1259,6109161af20abe4c,OK
NVIDIA B200,80,8,4,23,5,batched,twopass,3,153.9243,325.7935,0.6501,1124.3475,1604.8888,5d67e1c5fb670b2e,OK
NVIDIA B200,80,8,4,23,5,batched,singlehash,3,155.7719,277.1094,0.6486,1119.7145,1553.4188,5d67e1c5fb670b2e,OK
NVIDIA B200,80,8,4,23,0,serial,twopass,3,184.9610,326.9915,0.0012,1134.9775,1647.0820,6109161af20abe4c,OK
NVIDIA B200,80,8,4,23,0,serial,singlehash,3,184.8418,277.4981,0.0012,1126.3778,1588.8669,6109161af20abe4c,OK
NVIDIA B200,80,8,4,23,0,batched,twopass,3,153.7425,325.6610,0.0012,1124.3000,1603.8753,5d67e1c5fb670b2e,OK
NVIDIA B200,80,8,4,23,0,batched,singlehash,3,153.8619,283.6585,0.0012,1131.7688,1569.4665,5d67e1c5fb670b2e,OK
NVIDIA B200,80,8,4,24,5,serial,twopass,3,343.4380,641.7992,0.6486,2083.7328,3069.9060,aa71eb21b6b75262,OK
NVIDIA B200,80,8,4,24,5,serial,singlehash,3,343.3117,545.2778,0.6505,2096.5123,2986.0375,aa71eb21b6b75262,OK
NVIDIA B200,80,8,4,24,5,batched,twopass,3,,,,,,,OOM_SKIP
NVIDIA B200,80,8,4,24,5,batched,singlehash,3,,,,,,,OOM_SKIP
NVIDIA B200,80,8,4,24,0,serial,twopass,3,335.6190,653.4860,0.0012,2111.4538,3100.8595,aa71eb21b6b75262,OK
NVIDIA B200,80,8,4,24,0,serial,singlehash,3,335.8551,547.3745,0.0012,2158.1571,3041.6747,aa71eb21b6b75262,OK
NVIDIA B200,80,8,4,24,0,batched,twopass,3,,,,,,,OOM_SKIP
NVIDIA B200,80,8,4,24,0,batched,singlehash,3,,,,,,,OOM_SKIP
NVIDIA B200,128,2,128,20,5,serial,twopass,3,44.8378,44.0150,0.0405,9.9282,98.8241,333c51d5de3eed44,OK
NVIDIA B200,128,2,128,20,5,serial,singlehash,3,45.8399,35.2172,0.0406,9.1645,90.2648,333c51d5de3eed44,OK
NVIDIA B200,128,2,128,20,5,batched,twopass,3,43.6160,43.9510,0.0406,9.2486,96.8587,a5d5bc438c60436c,OK
NVIDIA B200,128,2,128,20,5,batched,singlehash,3,43.6668,35.2976,0.0406,9.9091,88.9167,a5d5bc438c60436c,OK
NVIDIA B200,128,2,128,20,0,serial,twopass,3,44.5595,44.0247,0.0001,9.8733,98.4602,333c51d5de3eed44,OK
NVIDIA B200,128,2,128,20,0,serial,singlehash,3,44.4715,35.2648,0.0001,9.7796,89.5185,333c51d5de3eed44,OK
NVIDIA B200,128,2,128,20,0,batched,twopass,3,43.4777,44.0613,0.0001,9.8926,97.4344,a5d5bc438c60436c,OK
NVIDIA B200,128,2,128,20,0,batched,singlehash,3,43.4572,35.3297,0.0001,9.8819,88.6712,a5d5bc438c60436c,OK
NVIDIA B200,128,2,128,21,5,serial,twopass,3,84.0362,87.3895,0.0405,19.0273,190.4974,0287d45cbdb7d564,OK
NVIDIA B200,128,2,128,21,5,serial,singlehash,3,84.0916,69.5300,0.0406,18.5982,172.2641,0287d45cbdb7d564,OK
NVIDIA B200,128,2,128,21,5,batched,twopass,3,83.3310,87.3589,0.0406,18.6123,189.3465,35572d6dadaced7d,OK
NVIDIA B200,128,2,128,21,5,batched,singlehash,3,83.4435,69.5984,0.0406,19.7505,172.8364,35572d6dadaced7d,OK
NVIDIA B200,128,2,128,21,0,serial,twopass,3,83.7400,87.4651,0.0001,19.7277,190.9364,0287d45cbdb7d564,OK
NVIDIA B200,128,2,128,21,0,serial,singlehash,3,83.7826,69.6014,0.0001,19.5416,172.9292,0287d45cbdb7d564,OK
NVIDIA B200,128,2,128,21,0,batched,twopass,3,83.0927,87.4624,0.0001,19.5767,190.1350,35572d6dadaced7d,OK
NVIDIA B200,128,2,128,21,0,batched,singlehash,3,83.1339,69.5460,0.0001,19.4736,172.1568,35572d6dadaced7d,OK
NVIDIA B200,128,2,128,22,5,serial,twopass,3,161.5686,174.0999,0.0406,37.4926,373.2078,8040e64f3861b0a9,OK
NVIDIA B200,128,2,128,22,5,serial,singlehash,3,161.6280,137.5453,0.0406,39.6023,338.8220,8040e64f3861b0a9,OK
NVIDIA B200,128,2,128,22,5,batched,twopass,3,164.8934,174.4084,0.0406,39.8120,379.1601,944b9d2e78560b8c,OK
NVIDIA B200,128,2,128,22,5,batched,singlehash,3,162.2718,137.5152,0.0405,39.5702,339.4043,944b9d2e78560b8c,OK
NVIDIA B200,128,2,128,22,0,serial,twopass,3,161.2688,174.3839,0.0001,39.6227,375.2818,8040e64f3861b0a9,OK
NVIDIA B200,128,2,128,22,0,serial,singlehash,3,161.3026,137.4906,0.0001,39.7537,338.5529,8040e64f3861b0a9,OK
NVIDIA B200,128,2,128,22,0,batched,twopass,3,161.9088,174.3397,0.0001,39.1335,375.3871,944b9d2e78560b8c,OK
NVIDIA B200,128,2,128,22,0,batched,singlehash,3,162.0188,138.2951,0.0001,39.6696,339.9897,944b9d2e78560b8c,OK
NVIDIA B200,128,2,128,23,5,serial,twopass,3,314.7423,346.7930,0.0405,77.3284,738.9154,f9ca6f94f9874abc,OK
NVIDIA B200,128,2,128,23,5,serial,singlehash,3,314.7189,268.8713,0.0405,78.0519,661.6924,f9ca6f94f9874abc,OK
NVIDIA B200,128,2,128,23,5,batched,twopass,3,,,,,,,OOM_SKIP
NVIDIA B200,128,2,128,23,5,batched,singlehash,3,,,,,,,OOM_SKIP
NVIDIA B200,128,2,128,23,0,serial,twopass,3,314.2809,346.3987,0.0001,74.2083,734.8981,f9ca6f94f9874abc,OK
NVIDIA B200,128,2,128,23,0,serial,singlehash,3,314.2279,268.2283,0.0001,73.0952,655.5630,f9ca6f94f9874abc,OK
NVIDIA B200,128,2,128,23,0,batched,twopass,3,,,,,,,OOM_SKIP
NVIDIA B200,128,2,128,23,0,batched,singlehash,3,,,,,,,OOM_SKIP
NVIDIA B200,128,2,128,24,5,serial,twopass,3,617.8551,693.9395,0.0405,159.2491,1471.1049,10c2a8958a1d9b47,OK
NVIDIA B200,128,2,128,24,5,serial,singlehash,3,617.7429,536.9608,0.0405,154.2387,1309.0046,10c2a8958a1d9b47,OK
NVIDIA B200,128,2,128,24,5,batched,twopass,3,,,,,,,OOM_SKIP
NVIDIA B200,128,2,128,24,5,batched,singlehash,3,,,,,,,OOM_SKIP
NVIDIA B200,128,2,128,24,0,serial,twopass,3,617.4284,693.2967,0.0001,157.7051,1468.4529,10c2a8958a1d9b47,OK
NVIDIA B200,128,2,128,24,0,serial,singlehash,3,617.5258,537.1211,0.0001,157.4150,1312.0855,10c2a8958a1d9b47,OK
NVIDIA B200,128,2,128,24,0,batched,twopass,3,,,,,,,OOM_SKIP
NVIDIA B200,128,2,128,24,0,batched,singlehash,3,,,,,,,OOM_SKIP
NVIDIA B200,128,4,16,20,5,serial,twopass,3,28.0719,27.2764,0.1621,38.7688,94.2859,ee2c5130872382cc,OK
NVIDIA B200,128,4,16,20,5,serial,singlehash,3,31.6757,22.6378,0.1621,38.4725,92.9543,ee2c5130872382cc,OK
NVIDIA B200,128,4,16,20,5,batched,twopass,3,47.4833,38.0072,0.1622,37.7730,123.4320,8ecf4a7a8409e5c3,OK
NVIDIA B200,128,4,16,20,5,batched,singlehash,3,20.7172,22.6606,0.1623,38.5005,82.0465,8ecf4a7a8409e5c3,OK
NVIDIA B200,128,4,16,20,0,serial,twopass,3,26.6109,27.5859,0.0016,38.2021,92.4069,ee2c5130872382cc,OK
NVIDIA B200,128,4,16,20,0,serial,singlehash,3,26.5497,22.2478,0.0003,38.5365,87.3420,ee2c5130872382cc,OK
NVIDIA B200,128,4,16,20,0,batched,twopass,3,20.6077,27.7771,0.0003,38.6840,87.0762,8ecf4a7a8409e5c3,OK
NVIDIA B200,128,4,16,20,0,batched,singlehash,3,20.6013,22.5773,0.0003,38.9391,82.1248,8ecf4a7a8409e5c3,OK
NVIDIA B200,128,4,16,21,5,serial,twopass,3,47.5235,54.5232,0.1629,78.1542,180.3750,608732c831422619,OK
NVIDIA B200,128,4,16,21,5,serial,singlehash,3,47.5390,43.9195,0.1631,74.9255,166.5590,608732c831422619,OK
NVIDIA B200,128,4,16,21,5,batched,twopass,3,39.9975,53.9172,0.1622,74.1461,168.2344,bacffa4f03585387,OK
NVIDIA B200,128,4,16,21,5,batched,singlehash,3,40.0555,44.0700,0.1622,78.9007,163.1996,bacffa4f03585387,OK
NVIDIA B200,128,4,16,21,0,serial,twopass,3,45.9553,53.4779,0.0003,72.3635,171.8090,608732c831422619,OK
NVIDIA B200,128,4,16,21,0,serial,singlehash,3,46.0027,43.8405,0.0003,78.0753,167.9310,608732c831422619,OK
NVIDIA B200,128,4,16,21,0,batched,twopass,3,39.9320,54.3949,0.0003,78.2534,172.5926,bacffa4f03585387,OK
NVIDIA B200,128,4,16,21,0,batched,singlehash,3,39.9555,44.1572,0.0003,76.3893,160.5123,bacffa4f03585387,OK
NVIDIA B200,128,4,16,22,5,serial,twopass,3,85.6767,104.2715,0.1622,156.1459,346.2770,f7c03a619f5a4574,OK
NVIDIA B200,128,4,16,22,5,serial,singlehash,3,85.6370,78.7585,0.1622,154.7803,319.3583,f7c03a619f5a4574,OK
NVIDIA B200,128,4,16,22,5,batched,twopass,3,79.7236,100.7985,0.1621,157.2832,337.9863,f636dfc7b8379793,OK
NVIDIA B200,128,4,16,22,5,batched,singlehash,3,78.4236,79.0568,0.1638,157.4981,315.1607,f636dfc7b8379793,OK
NVIDIA B200,128,4,16,22,0,serial,twopass,3,84.0705,101.4915,0.0003,156.1198,341.7031,f7c03a619f5a4574,OK
NVIDIA B200,128,4,16,22,0,serial,singlehash,3,84.0870,78.7363,0.0003,152.5136,315.3542,f7c03a619f5a4574,OK
NVIDIA B200,128,4,16,22,0,batched,twopass,3,78.3370,101.6656,0.0003,159.1979,339.2183,f636dfc7b8379793,OK
NVIDIA B200,128,4,16,22,0,batched,singlehash,3,78.4040,79.1306,0.0003,158.3795,315.9309,f636dfc7b8379793,OK
NVIDIA B200,128,4,16,23,5,serial,twopass,3,161.0462,195.1570,0.1623,309.8750,666.2762,cbf5e46772a0d706,OK
NVIDIA B200,128,4,16,23,5,serial,singlehash,3,161.0679,149.2099,0.1622,310.3362,620.8142,cbf5e46772a0d706,OK
NVIDIA B200,128,4,16,23,5,batched,twopass,3,154.9140,195.5854,0.1622,317.5619,668.2646,029a711980cf713b,OK
NVIDIA B200,128,4,16,23,5,batched,singlehash,3,154.8744,149.7531,0.1625,314.8998,619.7289,029a711980cf713b,OK
NVIDIA B200,128,4,16,23,0,serial,twopass,3,159.3948,195.3435,0.0003,318.3600,673.1399,cbf5e46772a0d706,OK
NVIDIA B200,128,4,16,23,0,serial,singlehash,3,159.3340,148.9074,0.0003,313.2991,621.5824,cbf5e46772a0d706,OK
NVIDIA B200,128,4,16,23,0,batched,twopass,3,154.8076,195.5720,0.0003,312.0687,662.4876,029a711980cf713b,OK
NVIDIA B200,128,4,16,23,0,batched,singlehash,3,154.7968,149.6852,0.0003,310.7095,615.2354,029a711980cf713b,OK
NVIDIA B200,128,4,16,24,5,serial,twopass,3,310.9989,382.6083,0.1621,634.7534,1328.5907,b59a069b6144b0b8,OK
NVIDIA B200,128,4,16,24,5,serial,singlehash,3,310.9393,292.7485,0.1627,630.9284,1234.8685,b59a069b6144b0b8,OK
NVIDIA B200,128,4,16,24,5,batched,twopass,3,,,,,,,OOM_SKIP
NVIDIA B200,128,4,16,24,5,batched,singlehash,3,,,,,,,OOM_SKIP
NVIDIA B200,128,4,16,24,0,serial,twopass,3,309.2426,377.1602,0.0003,593.2109,1279.6957,b59a069b6144b0b8,OK
NVIDIA B200,128,4,16,24,0,serial,singlehash,3,309.1756,293.6605,0.0003,622.8011,1225.7221,b59a069b6144b0b8,OK
NVIDIA B200,128,4,16,24,0,batched,twopass,3,,,,,,,OOM_SKIP
NVIDIA B200,128,4,16,24,0,batched,singlehash,3,,,,,,,OOM_SKIP
NVIDIA B200,128,8,8,20,5,serial,twopass,3,72.5829,69.1963,0.6485,152.8953,295.3473,993c2ad31ce79416,OK
NVIDIA B200,128,8,8,20,5,serial,singlehash,3,72.4782,57.0027,0.6484,152.6907,282.8434,993c2ad31ce79416,OK
NVIDIA B200,128,8,8,20,5,batched,twopass,3,39.9528,69.3328,0.6487,152.2006,262.1617,6acde7cb81eaaada,OK
NVIDIA B200,128,8,8,20,5,batched,singlehash,3,39.9907,58.6002,0.6486,156.2110,255.4775,6acde7cb81eaaada,OK
NVIDIA B200,128,8,8,20,0,serial,twopass,3,66.5609,67.4736,0.0013,145.1901,279.2503,993c2ad31ce79416,OK
NVIDIA B200,128,8,8,20,0,serial,singlehash,3,66.4634,57.6540,0.0012,153.1632,277.3056,993c2ad31ce79416,OK
NVIDIA B200,128,8,8,20,0,batched,twopass,3,39.8819,67.7770,0.0012,146.1068,253.7933,6acde7cb81eaaada,OK
NVIDIA B200,128,8,8,20,0,batched,singlehash,3,39.9389,58.2958,0.0012,156.0634,254.3288,6acde7cb81eaaada,OK
NVIDIA B200,128,8,8,21,5,serial,twopass,3,113.0243,126.3814,0.6515,313.6717,553.7649,39e782feaeeb2a4f,OK
NVIDIA B200,128,8,8,21,5,serial,singlehash,3,112.8017,104.6553,0.6510,309.3798,527.5261,39e782feaeeb2a4f,OK
NVIDIA B200,128,8,8,21,5,batched,twopass,3,78.3905,128.1947,0.6503,309.5753,516.8519,4c44e5a698d3809f,OK
NVIDIA B200,128,8,8,21,5,batched,singlehash,3,78.3959,104.6758,0.6508,303.7963,487.5619,4c44e5a698d3809f,OK
NVIDIA B200,128,8,8,21,0,serial,twopass,3,106.3550,126.7265,0.0013,307.5779,540.6984,39e782feaeeb2a4f,OK
NVIDIA B200,128,8,8,21,0,serial,singlehash,3,106.3623,103.7730,0.0012,308.0535,518.2283,39e782feaeeb2a4f,OK
NVIDIA B200,128,8,8,21,0,batched,twopass,3,78.2853,127.8678,0.0012,312.1108,518.3133,4c44e5a698d3809f,OK
NVIDIA B200,128,8,8,21,0,batched,singlehash,3,78.3694,104.7343,0.0012,309.5165,492.6598,4c44e5a698d3809f,OK
NVIDIA B200,128,8,8,22,5,serial,twopass,3,189.6647,246.2211,0.6491,619.7474,1056.3538,723bd80a7dcb3a4e,OK
NVIDIA B200,128,8,8,22,5,serial,singlehash,3,189.5947,196.6542,0.6516,623.9594,1010.9239,723bd80a7dcb3a4e,OK
NVIDIA B200,128,8,8,22,5,batched,twopass,3,154.9583,239.9112,0.6489,589.6055,985.2116,3c969c8db1201383,OK
NVIDIA B200,128,8,8,22,5,batched,singlehash,3,154.8963,194.9114,0.6493,586.4300,936.9695,3c969c8db1201383,OK
NVIDIA B200,128,8,8,22,0,serial,twopass,3,182.8910,239.0560,0.0012,588.4693,1010.4930,723bd80a7dcb3a4e,OK
NVIDIA B200,128,8,8,22,0,serial,singlehash,3,182.8672,194.4767,0.0012,594.3516,971.7716,723bd80a7dcb3a4e,OK
NVIDIA B200,128,8,8,22,0,batched,twopass,3,154.7716,239.8399,0.0012,594.0645,988.7615,3c969c8db1201383,OK
NVIDIA B200,128,8,8,22,0,batched,singlehash,3,154.8751,198.7296,0.0012,614.5920,968.2744,3c969c8db1201383,OK
NVIDIA B200,128,8,8,23,5,serial,twopass,3,341.4072,478.2277,0.6491,1153.0277,1973.4420,2f5b1d465c27e229,OK
NVIDIA B200,128,8,8,23,5,serial,singlehash,3,341.3825,383.3604,0.6503,1145.6306,1871.1368,2f5b1d465c27e229,OK
NVIDIA B200,128,8,8,23,5,batched,twopass,3,,,,,,,OOM_SKIP
NVIDIA B200,128,8,8,23,5,batched,singlehash,3,,,,,,,OOM_SKIP
NVIDIA B200,128,8,8,23,0,serial,twopass,3,334.3182,482.3338,0.0012,1154.9718,1971.7388,2f5b1d465c27e229,OK
NVIDIA B200,128,8,8,23,0,serial,singlehash,3,334.1511,383.1938,0.0012,1136.4065,1853.8756,2f5b1d465c27e229,OK
NVIDIA B200,128,8,8,23,0,batched,twopass,3,,,,,,,OOM_SKIP
NVIDIA B200,128,8,8,23,0,batched,singlehash,3,,,,,,,OOM_SKIP
NVIDIA B200,128,8,8,24,5,serial,twopass,3,641.2751,959.3797,0.6491,2158.1455,3759.7400,348fa2cf4e67b100,OK
NVIDIA B200,128,8,8,24,5,serial,singlehash,3,641.0968,751.1877,0.6497,2074.5229,3467.7357,348fa2cf4e67b100,OK
NVIDIA B200,128,8,8,24,5,batched,twopass,3,,,,,,,OOM_SKIP
NVIDIA B200,128,8,8,24,5,batched,singlehash,3,,,,,,,OOM_SKIP
NVIDIA B200,128,8,8,24,0,serial,twopass,3,633.6692,959.6463,0.0012,2162.1006,3755.6888,348fa2cf4e67b100,OK
NVIDIA B200,128,8,8,24,0,serial,singlehash,3,633.6616,744.4775,0.0012,2079.1003,3457.5280,348fa2cf4e67b100,OK
NVIDIA B200,128,8,8,24,0,batched,twopass,3,,,,,,,OOM_SKIP
NVIDIA B200,128,8,8,24,0,batched,singlehash,3,,,,,,,OOM_SKIP
