logN,N,batch,backend,ms_per_mul,transpose_ms,ntt_ms,twiddle_ms,twist_ms,pointwise_ms,status
10,1024,4,square,0.0772,0.0513,0.0553,0.0162,0.0123,0.0031,ok
10,1024,4,4step,,,,,,,FAIL: 4step unsupported: GPU-NTT 4-step backend requires power-of-two N in [
10,1024,16,square,0.0225,0.0544,0.0645,0.0164,0.0112,0.0101,ok
10,1024,16,4step,,,,,,,FAIL: 4step unsupported: GPU-NTT 4-step backend requires power-of-two N in [
10,1024,64,square,0.0053,0.0485,0.0620,0.0195,0.0138,0.0041,ok
10,1024,64,4step,,,,,,,FAIL: 4step unsupported: GPU-NTT 4-step backend requires power-of-two N in [
11,2048,4,square,0.0873,0.0563,0.0594,0.0183,0.0092,0.0042,ok
11,2048,4,4step,,,,,,,FAIL: 4step unsupported: GPU-NTT 4-step backend requires power-of-two N in [
11,2048,16,square,0.0203,0.0493,0.0591,0.0161,0.0116,0.0044,ok
11,2048,16,4step,,,,,,,FAIL: 4step unsupported: GPU-NTT 4-step backend requires power-of-two N in [
11,2048,64,square,0.0055,0.0542,0.0660,0.0195,0.0178,0.0061,ok
11,2048,64,4step,,,,,,,FAIL: 4step unsupported: GPU-NTT 4-step backend requires power-of-two N in [
12,4096,4,square,0.0886,0.0543,0.0675,0.0163,0.0122,0.0041,ok
12,4096,4,4step,0.0409,0.0283,0.0266,,0.0123,0.0054,ok
12,4096,16,square,0.0230,0.0559,0.0641,0.0203,0.0107,0.0051,ok
12,4096,16,4step,0.0109,0.0277,0.0298,,0.0136,0.0050,ok
12,4096,64,square,0.0059,0.0663,0.0805,0.0216,0.0135,0.0061,ok
12,4096,64,4step,0.0031,0.0330,0.0410,,0.0204,0.0051,ok
13,8192,4,square,0.0932,0.0654,0.0745,0.0186,0.0192,0.0041,ok
13,8192,4,4step,0.0435,0.0287,0.0286,,0.0126,0.0049,ok
13,8192,16,square,0.0241,0.0602,0.0700,0.0205,0.0187,0.0061,ok
13,8192,16,4step,0.0125,0.0368,0.0338,,0.0117,0.0061,ok
13,8192,64,square,0.0073,0.0904,0.1076,0.0284,0.0208,0.0082,ok
13,8192,64,4step,0.0038,0.0414,0.0624,,0.0196,0.0071,ok
14,16384,4,square,0.0902,0.0556,0.0666,0.0193,0.0146,0.0049,ok
14,16384,4,4step,0.0469,0.0271,0.0311,,0.0126,0.0051,ok
14,16384,16,square,0.0260,0.0719,0.0863,0.0234,0.0133,0.0059,ok
14,16384,16,4step,0.0134,0.0344,0.0460,,0.0148,0.0060,ok
14,16384,64,square,0.0091,0.1228,0.1529,0.0373,0.0307,0.0102,ok
14,16384,64,4step,0.0050,0.0576,0.1021,,0.0326,0.0092,ok
15,32768,4,square,0.0987,0.0650,0.0789,0.0212,0.0193,0.0048,ok
15,32768,4,4step,0.0474,0.0306,0.0347,,0.0184,0.0051,ok
15,32768,16,square,0.0304,0.1015,0.1247,0.0266,0.0213,0.0080,ok
15,32768,16,4step,0.0153,0.0418,0.0676,,0.0195,0.0071,ok
15,32768,64,square,0.0122,0.2147,0.2372,0.0512,0.0390,0.0133,ok
15,32768,64,4step,0.0072,0.0911,0.1980,,0.0375,0.0143,ok
16,65536,4,square,0.1031,0.0792,0.0848,0.0223,0.0197,0.0061,ok
16,65536,4,4step,0.0519,0.0328,0.0479,,0.0199,0.0051,ok
16,65536,16,square,0.0383,0.1444,0.1642,0.0360,0.0306,0.0102,ok
16,65536,16,4step,0.0202,0.0584,0.1142,,0.0232,0.0101,ok
16,65536,64,square,0.0212,0.4645,0.4320,0.0881,0.1106,0.0235,ok
16,65536,64,4step,0.0157,0.2578,0.4188,,0.1179,0.0807,ok
17,131072,4,square,0.1299,0.1220,0.1322,0.0312,0.0237,0.0072,ok
17,131072,4,4step,0.0634,0.0391,0.0777,,0.0214,0.0072,ok
17,131072,16,square,0.0577,0.3271,0.2654,0.0562,0.0385,0.0145,ok
17,131072,16,4step,0.0304,0.0872,0.2253,,0.0386,0.0141,ok
17,131072,64,square,0.0656,1.9012,1.0158,0.3245,0.4035,0.2870,ok
17,131072,64,4step,0.0413,0.8671,1.0660,,0.3175,0.2631,ok
18,262144,4,square,0.1742,0.2239,0.1727,0.0387,0.0296,0.0102,ok
18,262144,4,4step,0.0840,0.0557,0.1258,,0.0317,0.0102,ok
18,262144,16,square,0.1115,0.7610,0.4961,0.0918,0.1661,0.0287,ok
18,262144,16,4step,0.0659,0.2627,0.4565,,0.1216,0.0829,ok
18,262144,64,square,0.1723,5.0340,2.4712,1.5461,1.1245,0.5786,ok
18,262144,64,4step,0.1270,2.5477,3.6812,,1.1189,0.6103,ok
19,524288,4,square,0.2510,0.3864,0.2791,0.0530,0.0418,0.0143,ok
19,524288,4,4step,0.1258,0.0846,0.2437,,0.0387,0.0151,ok
19,524288,16,square,0.2792,2.0830,1.0800,0.3540,0.4226,0.2847,ok
19,524288,16,4step,0.1723,0.8621,1.1561,,0.3396,0.2577,ok
19,524288,64,square,0.3415,9.8670,4.9497,3.1917,2.3602,1.1735,ok
19,524288,64,4step,0.2533,5.0599,7.3746,,2.3601,1.2124,ok
20,1048576,4,square,0.4841,0.8034,0.5433,0.1116,0.1879,0.0555,ok
20,1048576,4,4step,0.2848,0.2905,0.4929,,0.1290,0.0910,ok
20,1048576,16,square,0.6911,5.0949,2.4249,1.5728,1.1574,0.5816,ok
20,1048576,16,4step,0.5142,2.6047,3.6662,,1.1467,0.6063,ok
20,1048576,64,square,,,,,,,FAIL: terminate called after throwing an instance of 'gpuntt::CudaException'
20,1048576,64,4step,0.4970,10.1196,14.3552,,4.7431,2.3899,ok
21,2097152,4,square,1.2234,2.1724,1.2581,0.4789,0.4571,0.2806,ok
21,2097152,4,4step,0.7838,0.9208,1.3878,,0.4157,0.2784,ok
21,2097152,16,square,1.5314,10.0911,7.0514,3.2068,2.3832,1.1796,ok
21,2097152,16,4step,1.0152,5.1743,7.2926,,2.3683,1.1674,ok
21,2097152,64,square,,,,,,,FAIL: terminate called after throwing an instance of 'gpuntt::CudaException'
21,2097152,64,4step,1.0099,20.5318,29.6438,,9.4562,4.6295,ok
22,4194304,4,square,3.6396,5.3025,4.8014,1.9489,1.6731,0.5765,ok
22,4194304,4,4step,2.2770,2.8085,3.9869,,1.6258,0.5901,ok
22,4194304,16,square,3.5217,20.1771,18.5516,8.3255,6.5953,2.3774,ok
22,4194304,16,4step,2.2552,11.3055,15.4524,,6.6570,2.3185,ok
22,4194304,64,square,,,,,,,FAIL: terminate called after throwing an instance of 'gpuntt::CudaException'
22,4194304,64,4step,2.2268,45.0795,61.6936,,26.1394,9.2355,ok
23,8388608,4,square,7.4354,10.5435,9.4432,4.3068,3.5892,1.1752,ok
23,8388608,4,4step,4.9169,5.9983,8.6405,,3.5765,1.2521,ok
23,8388608,16,square,,,,,,,FAIL: terminate called after throwing an instance of 'gpuntt::CudaException'
23,8388608,16,4step,4.8631,23.9233,34.3502,,14.3625,4.6324,ok
23,8388608,64,square,,,,,,,FAIL: terminate called after throwing an instance of 'gpuntt::CudaException'
23,8388608,64,4step,4.8421,95.1026,137.8316,,58.2866,18.3970,ok
24,16777216,4,square,14.8152,21.5008,18.8597,8.7235,7.2406,2.4125,ok
24,16777216,4,4step,9.8693,12.3077,17.3856,,7.1652,2.3296,ok
24,16777216,16,square,,,,,,,FAIL: terminate called after throwing an instance of 'gpuntt::CudaException'
24,16777216,16,4step,9.8204,49.0072,69.9095,,29.1408,9.7198,ok
24,16777216,64,square,,,,,,,FAIL: terminate called after throwing an instance of 'gpuntt::CudaException'
24,16777216,64,4step,9.7452,195.2142,275.1812,,116.5305,36.6784,ok
