gpu,lambda,c,t,logN,tier,rtt_us,expand_ms,out_sums_ms,out_scatter_ms,total_ms,ns_per_leaf,exchanges,net_exposed_ms,net_share_pct
NVIDIA B200,80,2,64,10,nvlink,5,0.159,0.027,0.029,0.214,1671.0000,5,0.025,11.8
NVIDIA B200,80,2,64,10,pcie,16,0.213,0.026,0.028,0.267,2088.8333,5,0.080,30.0
NVIDIA B200,80,2,64,10,loopback,25.2,0.258,0.027,0.028,0.313,2442.5833,5,0.126,40.4
NVIDIA B200,80,2,64,10,dc,50,0.383,0.026,0.029,0.438,3421.0834,5,0.250,57.2
NVIDIA B200,80,2,64,10,wan,2000,10.131,0.027,0.028,10.186,79581.1687,5,10.000,98.2
NVIDIA B200,80,4,16,10,nvlink,5,0.490,0.021,0.029,0.540,263.5313,7,0.035,6.5
NVIDIA B200,80,4,16,10,pcie,16,0.567,0.023,0.029,0.620,302.5312,7,0.112,18.1
NVIDIA B200,80,4,16,10,loopback,25.2,0.628,0.021,0.029,0.678,330.9531,7,0.177,26.1
NVIDIA B200,80,4,16,10,dc,50,0.805,0.020,0.029,0.855,417.2500,7,0.350,41.0
NVIDIA B200,80,4,16,10,wan,2000,14.455,0.020,0.029,14.505,7082.3333,7,14.000,96.5
NVIDIA B200,80,8,4,10,nvlink,5,0.277,0.027,0.038,0.342,10.4382,9,0.045,13.2
NVIDIA B200,80,8,4,10,pcie,16,0.377,0.026,0.038,0.441,13.4521,9,0.144,32.7
NVIDIA B200,80,8,4,10,loopback,25.2,0.458,0.027,0.037,0.522,15.9274,9,0.227,43.5
NVIDIA B200,80,8,4,10,dc,50,0.684,0.027,0.038,0.748,22.8369,9,0.450,60.2
NVIDIA B200,80,8,4,10,wan,2000,18.235,0.027,0.038,18.299,558.4411,9,18.000,98.4
NVIDIA B200,128,2,128,10,nvlink,5,0.130,0.026,0.027,0.184,2874.6667,4,0.020,10.9
NVIDIA B200,128,2,128,10,pcie,16,0.176,0.026,0.028,0.229,3575.5001,4,0.064,28.0
NVIDIA B200,128,2,128,10,loopback,25.2,0.214,0.027,0.028,0.268,4191.8333,4,0.102,38.0
NVIDIA B200,128,2,128,10,dc,50,0.313,0.029,0.027,0.370,5784.0001,4,0.200,54.1
NVIDIA B200,128,2,128,10,wan,2000,8.111,0.026,0.028,8.165,127579.6657,4,8.000,98.0
NVIDIA B200,128,4,16,10,nvlink,5,0.479,0.020,0.029,0.528,257.9896,7,0.035,6.7
NVIDIA B200,128,4,16,10,pcie,16,0.553,0.020,0.028,0.601,293.6458,7,0.112,18.7
NVIDIA B200,128,4,16,10,loopback,25.2,0.626,0.020,0.029,0.675,329.7083,7,0.177,26.2
NVIDIA B200,128,4,16,10,dc,50,0.808,0.020,0.029,0.858,418.9948,7,0.350,40.8
NVIDIA B200,128,4,16,10,wan,2000,14.459,0.021,0.030,14.509,7084.5418,7,14.000,96.5
NVIDIA B200,128,8,8,10,nvlink,5,0.251,0.026,0.038,0.315,19.2161,8,0.040,12.8
NVIDIA B200,128,8,8,10,pcie,16,0.337,0.026,0.037,0.400,24.4232,8,0.128,32.0
NVIDIA B200,128,8,8,10,loopback,25.2,0.412,0.026,0.038,0.475,29.0085,8,0.202,42.5
NVIDIA B200,128,8,8,10,dc,50,0.614,0.026,0.038,0.677,41.3470,8,0.400,59.1
NVIDIA B200,128,8,8,10,wan,2000,16.215,0.026,0.038,16.279,993.6146,8,16.000,98.3
NVIDIA B200,80,2,64,11,nvlink,5,0.183,0.026,0.030,0.239,933.2500,6,0.030,12.7
NVIDIA B200,80,2,64,11,pcie,16,0.251,0.026,0.027,0.304,1186.5000,6,0.096,31.7
NVIDIA B200,80,2,64,11,loopback,25.2,0.302,0.025,0.027,0.355,1385.3333,6,0.151,42.7
NVIDIA B200,80,2,64,11,dc,50,0.455,0.026,0.029,0.510,1990.5834,6,0.300,58.9
NVIDIA B200,80,2,64,11,wan,2000,12.155,0.027,0.030,12.212,47702.0827,6,12.000,98.3
NVIDIA B200,80,4,16,11,nvlink,5,0.560,0.026,0.030,0.616,150.2760,8,0.040,6.5
NVIDIA B200,80,4,16,11,pcie,16,0.645,0.027,0.029,0.701,171.2266,8,0.128,18.3
NVIDIA B200,80,4,16,11,loopback,25.2,0.711,0.026,0.029,0.767,187.2057,8,0.202,26.3
NVIDIA B200,80,4,16,11,dc,50,0.918,0.029,0.030,0.977,238.4896,8,0.400,41.0
NVIDIA B200,80,4,16,11,wan,2000,16.517,0.029,0.029,16.575,4046.5522,8,16.000,96.5
NVIDIA B200,80,8,4,11,nvlink,5,0.306,0.027,0.038,0.370,5.6523,10,0.050,13.6
NVIDIA B200,80,8,4,11,pcie,16,0.417,0.025,0.039,0.480,7.3293,10,0.160,33.4
NVIDIA B200,80,8,4,11,loopback,25.2,0.511,0.026,0.039,0.575,8.7806,10,0.252,43.8
NVIDIA B200,80,8,4,11,dc,50,0.751,0.026,0.038,0.814,12.4202,10,0.500,61.5
NVIDIA B200,80,8,4,11,wan,2000,20.263,0.027,0.038,20.329,310.1912,10,20.000,98.4
NVIDIA B200,128,2,128,11,nvlink,5,0.157,0.026,0.029,0.213,1661.1667,5,0.025,11.8
NVIDIA B200,128,2,128,11,pcie,16,0.213,0.026,0.029,0.268,2096.0833,5,0.080,29.9
NVIDIA B200,128,2,128,11,loopback,25.2,0.258,0.026,0.029,0.314,2451.9167,5,0.126,40.2
NVIDIA B200,128,2,128,11,dc,50,0.379,0.026,0.029,0.434,3389.3333,5,0.250,57.7
NVIDIA B200,128,2,128,11,wan,2000,10.137,0.024,0.029,10.189,79604.9990,5,10.000,98.1
NVIDIA B200,128,4,16,11,nvlink,5,0.552,0.029,0.030,0.611,149.0547,8,0.040,6.6
NVIDIA B200,128,4,16,11,pcie,16,0.644,0.026,0.030,0.700,170.9870,8,0.128,18.3
NVIDIA B200,128,4,16,11,loopback,25.2,0.717,0.027,0.030,0.774,188.9141,8,0.202,26.1
NVIDIA B200,128,4,16,11,dc,50,0.914,0.029,0.030,0.973,237.5234,8,0.400,41.1
NVIDIA B200,128,4,16,11,wan,2000,16.517,0.028,0.029,16.574,4046.3672,8,16.000,96.5
NVIDIA B200,128,8,8,11,nvlink,5,0.284,0.026,0.038,0.347,10.5801,9,0.045,13.1
NVIDIA B200,128,8,8,11,pcie,16,0.378,0.025,0.038,0.441,13.4632,9,0.145,32.8
NVIDIA B200,128,8,8,11,loopback,25.2,0.459,0.026,0.037,0.522,15.9294,9,0.228,43.7
NVIDIA B200,128,8,8,11,dc,50,0.684,0.027,0.038,0.749,22.8636,9,0.450,60.1
NVIDIA B200,128,8,8,11,wan,2000,18.235,0.027,0.038,18.300,558.4691,9,18.000,98.4
NVIDIA B200,80,2,64,12,nvlink,5,0.202,0.023,0.028,0.253,495.0000,7,0.035,13.9
NVIDIA B200,80,2,64,12,pcie,16,0.284,0.023,0.029,0.336,655.6458,7,0.112,33.4
NVIDIA B200,80,2,64,12,loopback,25.2,0.347,0.026,0.029,0.401,783.6042,7,0.177,44.0
NVIDIA B200,80,2,64,12,dc,50,0.527,0.026,0.029,0.582,1136.7709,7,0.350,60.2
NVIDIA B200,80,2,64,12,wan,2000,14.177,0.026,0.029,14.232,27797.5414,7,14.000,98.4
NVIDIA B200,80,4,16,12,nvlink,5,0.621,0.029,0.031,0.681,83.1263,9,0.045,6.7
NVIDIA B200,80,4,16,12,pcie,16,0.727,0.026,0.031,0.784,95.7318,9,0.145,18.5
NVIDIA B200,80,4,16,12,loopback,25.2,0.809,0.026,0.031,0.866,105.7135,9,0.227,26.2
NVIDIA B200,80,4,16,12,dc,50,1.028,0.021,0.031,1.080,131.8255,9,0.451,41.8
NVIDIA B200,80,4,16,12,wan,2000,18.574,0.024,0.031,18.629,2274.0755,9,18.000,96.6
NVIDIA B200,80,8,4,12,nvlink,5,0.345,0.025,0.039,0.409,3.1182,11,0.055,13.6
NVIDIA B200,80,8,4,12,pcie,16,0.459,0.025,0.038,0.523,3.9899,11,0.177,33.8
NVIDIA B200,80,8,4,12,loopback,25.2,0.559,0.025,0.038,0.622,4.7479,11,0.278,44.6
NVIDIA B200,80,8,4,12,dc,50,0.857,0.025,0.039,0.920,7.0210,11,0.550,59.8
NVIDIA B200,80,8,4,12,wan,2000,22.287,0.026,0.039,22.351,170.5282,11,22.000,98.4
NVIDIA B200,128,2,128,12,nvlink,5,0.186,0.025,0.029,0.240,937.3750,6,0.030,12.6
NVIDIA B200,128,2,128,12,pcie,16,0.250,0.026,0.028,0.304,1188.3333,6,0.096,31.6
NVIDIA B200,128,2,128,12,loopback,25.2,0.307,0.025,0.029,0.361,1410.2084,6,0.151,41.9
NVIDIA B200,128,2,128,12,dc,50,0.449,0.026,0.028,0.502,1962.7083,6,0.300,59.8
NVIDIA B200,128,2,128,12,wan,2000,12.154,0.027,0.030,12.210,47696.1669,6,12.000,98.3
NVIDIA B200,128,4,16,12,nvlink,5,0.622,0.026,0.031,0.679,82.9232,9,0.045,6.7
NVIDIA B200,128,4,16,12,pcie,16,0.724,0.023,0.031,0.778,94.9401,9,0.144,18.5
NVIDIA B200,128,4,16,12,loopback,25.2,0.800,0.026,0.030,0.856,104.4505,9,0.227,26.5
NVIDIA B200,128,4,16,12,dc,50,1.024,0.026,0.030,1.080,131.8906,9,0.450,41.7
NVIDIA B200,128,4,16,12,wan,2000,18.582,0.026,0.034,18.642,2275.6419,9,18.000,96.6
NVIDIA B200,128,8,8,12,nvlink,5,0.309,0.026,0.039,0.374,5.7044,10,0.050,13.5
NVIDIA B200,128,8,8,12,pcie,16,0.419,0.026,0.040,0.485,7.4056,10,0.160,33.0
NVIDIA B200,128,8,8,12,loopback,25.2,0.509,0.026,0.039,0.574,8.7534,10,0.252,44.0
NVIDIA B200,128,8,8,12,dc,50,0.757,0.026,0.039,0.822,12.5360,10,0.500,60.9
NVIDIA B200,128,8,8,12,wan,2000,20.256,0.026,0.039,20.321,310.0713,10,20.000,98.4
NVIDIA B200,80,2,64,13,nvlink,5,0.238,0.027,0.032,0.297,289.7396,8,0.040,13.6
NVIDIA B200,80,2,64,13,pcie,16,0.323,0.027,0.032,0.382,372.8125,8,0.128,33.6
NVIDIA B200,80,2,64,13,loopback,25.2,0.398,0.026,0.031,0.456,445.0625,8,0.202,44.3
NVIDIA B200,80,2,64,13,dc,50,0.594,0.025,0.031,0.651,635.4479,8,0.400,61.5
NVIDIA B200,80,2,64,13,wan,2000,16.197,0.026,0.032,16.254,15873.5203,8,16.000,98.4
NVIDIA B200,80,4,16,13,nvlink,5,0.687,0.029,0.033,0.749,45.7044,10,0.050,6.7
NVIDIA B200,80,4,16,13,pcie,16,0.802,0.029,0.033,0.864,52.7324,10,0.160,18.6
NVIDIA B200,80,4,16,13,loopback,25.2,0.888,0.029,0.033,0.950,57.9531,10,0.252,26.6
NVIDIA B200,80,4,16,13,dc,50,1.137,0.028,0.033,1.198,73.1061,10,0.500,41.8
NVIDIA B200,80,4,16,13,wan,2000,20.640,0.029,0.033,20.702,1263.5241,10,20.000,96.6
NVIDIA B200,80,8,4,13,nvlink,5,0.373,0.026,0.041,0.440,1.6783,12,0.061,13.8
NVIDIA B200,80,8,4,13,pcie,16,0.506,0.026,0.041,0.573,2.1871,12,0.192,33.6
NVIDIA B200,80,8,4,13,loopback,25.2,0.607,0.025,0.040,0.672,2.5635,12,0.303,45.1
NVIDIA B200,80,8,4,13,dc,50,0.922,0.026,0.042,0.990,3.7749,12,0.600,60.7
NVIDIA B200,80,8,4,13,wan,2000,24.313,0.026,0.041,24.380,93.0040,12,24.000,98.4
NVIDIA B200,128,2,128,13,nvlink,5,0.211,0.027,0.031,0.269,525.3958,7,0.035,13.1
NVIDIA B200,128,2,128,13,pcie,16,0.286,0.026,0.032,0.344,671.5000,7,0.112,32.6
NVIDIA B200,128,2,128,13,loopback,25.2,0.351,0.024,0.031,0.407,794.0625,7,0.177,43.4
NVIDIA B200,128,2,128,13,dc,50,0.528,0.026,0.031,0.585,1141.8334,7,0.350,59.9
NVIDIA B200,128,2,128,13,wan,2000,14.178,0.026,0.031,14.234,27800.5211,7,14.000,98.4
NVIDIA B200,128,4,16,13,nvlink,5,0.684,0.029,0.033,0.746,45.5215,10,0.050,6.8
NVIDIA B200,128,4,16,13,pcie,16,0.801,0.029,0.033,0.863,52.6608,10,0.160,18.6
NVIDIA B200,128,4,16,13,loopback,25.2,0.888,0.026,0.033,0.946,57.7637,10,0.253,26.7
NVIDIA B200,128,4,16,13,dc,50,1.140,0.023,0.033,1.196,73.0033,10,0.500,41.8
NVIDIA B200,128,4,16,13,wan,2000,20.640,0.028,0.033,20.701,1263.4980,10,20.000,96.6
NVIDIA B200,128,8,8,13,nvlink,5,0.344,0.026,0.041,0.410,3.1296,11,0.055,13.5
NVIDIA B200,128,8,8,13,pcie,16,0.461,0.025,0.041,0.526,4.0167,11,0.177,33.7
NVIDIA B200,128,8,8,13,loopback,25.2,0.560,0.026,0.040,0.626,4.7748,11,0.278,44.3
NVIDIA B200,128,8,8,13,dc,50,0.839,0.026,0.041,0.906,6.9124,11,0.550,60.7
NVIDIA B200,128,8,8,13,wan,2000,22.290,0.027,0.040,22.357,170.5679,11,22.000,98.4
NVIDIA B200,80,2,64,14,nvlink,5,0.267,0.026,0.035,0.329,160.4427,9,0.045,13.8
NVIDIA B200,80,2,64,14,pcie,16,0.365,0.026,0.035,0.427,208.2708,9,0.144,33.8
NVIDIA B200,80,2,64,14,loopback,25.2,0.451,0.027,0.035,0.513,250.6927,9,0.227,44.2
NVIDIA B200,80,2,64,14,dc,50,0.670,0.027,0.035,0.731,356.8698,9,0.450,61.6
NVIDIA B200,80,2,64,14,wan,2000,18.219,0.026,0.035,18.281,8926.1093,9,18.000,98.5
NVIDIA B200,80,4,16,14,nvlink,5,0.757,0.026,0.037,0.819,25.0010,11,0.055,6.8
NVIDIA B200,80,4,16,14,pcie,16,0.876,0.026,0.037,0.939,28.6416,11,0.176,18.8
NVIDIA B200,80,4,16,14,loopback,25.2,0.976,0.026,0.037,1.038,31.6898,11,0.278,26.7
NVIDIA B200,80,4,16,14,dc,50,1.246,0.028,0.036,1.311,39.9954,11,0.550,42.0
NVIDIA B200,80,4,16,14,wan,2000,22.706,0.026,0.036,22.769,694.8450,11,22.000,96.6
NVIDIA B200,80,8,4,14,nvlink,5,0.416,0.036,0.049,0.501,0.9555,13,0.065,13.1
NVIDIA B200,80,8,4,14,pcie,16,0.563,0.036,0.048,0.647,1.2335,13,0.208,32.2
NVIDIA B200,80,8,4,14,loopback,25.2,0.677,0.036,0.049,0.762,1.4543,13,0.328,43.0
NVIDIA B200,80,8,4,14,dc,50,1.005,0.035,0.049,1.088,2.0757,13,0.650,59.8
NVIDIA B200,80,8,4,14,wan,2000,26.356,0.036,0.048,26.440,50.4309,13,26.000,98.3
NVIDIA B200,128,2,128,14,nvlink,5,0.237,0.026,0.035,0.298,290.7917,8,0.040,13.5
NVIDIA B200,128,2,128,14,pcie,16,0.317,0.026,0.034,0.377,367.9792,8,0.128,34.0
NVIDIA B200,128,2,128,14,loopback,25.2,0.403,0.026,0.035,0.463,452.5208,8,0.202,43.6
NVIDIA B200,128,2,128,14,dc,50,0.600,0.026,0.036,0.662,646.0729,8,0.400,60.5
NVIDIA B200,128,2,128,14,wan,2000,16.197,0.026,0.034,16.257,15876.4272,8,16.000,98.4
NVIDIA B200,128,4,16,14,nvlink,5,0.757,0.026,0.037,0.820,25.0293,11,0.056,6.8
NVIDIA B200,128,4,16,14,pcie,16,0.875,0.026,0.036,0.937,28.5801,11,0.178,19.0
NVIDIA B200,128,4,16,14,loopback,25.2,0.979,0.028,0.037,1.044,31.8607,11,0.278,26.6
NVIDIA B200,128,4,16,14,dc,50,1.247,0.026,0.036,1.310,39.9749,11,0.550,42.0
NVIDIA B200,128,4,16,14,wan,2000,22.701,0.026,0.036,22.763,694.6588,11,22.000,96.7
NVIDIA B200,128,8,8,14,nvlink,5,0.380,0.026,0.045,0.451,1.7216,12,0.062,13.8
NVIDIA B200,128,8,8,14,pcie,16,0.508,0.026,0.045,0.578,2.2058,12,0.192,33.3
NVIDIA B200,128,8,8,14,loopback,25.2,0.620,0.026,0.044,0.690,2.6330,12,0.303,43.9
NVIDIA B200,128,8,8,14,dc,50,0.917,0.026,0.045,0.987,3.7668,12,0.600,60.8
NVIDIA B200,128,8,8,14,wan,2000,24.314,0.026,0.045,24.386,93.0236,12,24.000,98.4
NVIDIA B200,80,2,64,15,nvlink,5,0.292,0.026,0.043,0.361,88.0807,10,0.050,14.0
NVIDIA B200,80,2,64,15,pcie,16,0.403,0.026,0.043,0.472,115.2839,10,0.160,33.9
NVIDIA B200,80,2,64,15,loopback,25.2,0.494,0.027,0.042,0.563,137.4193,10,0.252,44.8
NVIDIA B200,80,2,64,15,dc,50,0.742,0.025,0.043,0.811,198.0963,10,0.501,61.8
NVIDIA B200,80,2,64,15,wan,2000,20.244,0.026,0.043,20.312,4959.1015,10,20.000,98.5
NVIDIA B200,80,4,16,15,nvlink,5,0.828,0.029,0.045,0.902,13.7588,12,0.061,6.8
NVIDIA B200,80,4,16,15,pcie,16,0.944,0.026,0.044,1.015,15.4858,12,0.192,19.0
NVIDIA B200,80,4,16,15,loopback,25.2,1.069,0.028,0.044,1.141,17.4155,12,0.303,26.5
NVIDIA B200,80,4,16,15,dc,50,1.359,0.028,0.044,1.431,21.8345,12,0.600,42.0
NVIDIA B200,80,4,16,15,wan,2000,24.769,0.029,0.050,24.849,379.1585,12,24.000,96.6
NVIDIA B200,80,8,4,15,nvlink,5,0.474,0.044,0.065,0.582,0.5553,14,0.070,12.1
NVIDIA B200,80,8,4,15,pcie,16,0.622,0.044,0.064,0.731,0.6969,14,0.224,30.7
NVIDIA B200,80,8,4,15,loopback,25.2,0.754,0.044,0.066,0.864,0.8235,14,0.353,40.9
NVIDIA B200,80,8,4,15,dc,50,1.108,0.044,0.066,1.217,1.1608,14,0.701,57.6
NVIDIA B200,80,8,4,15,wan,2000,28.409,0.044,0.066,28.519,27.1977,14,28.000,98.2
NVIDIA B200,128,2,128,15,nvlink,5,0.266,0.026,0.042,0.334,163.2292,9,0.045,13.6
NVIDIA B200,128,2,128,15,pcie,16,0.366,0.027,0.042,0.434,212.0625,9,0.144,33.2
NVIDIA B200,128,2,128,15,loopback,25.2,0.448,0.027,0.043,0.518,252.9115,9,0.227,43.8
NVIDIA B200,128,2,128,15,dc,50,0.670,0.027,0.043,0.740,361.5208,9,0.450,60.8
NVIDIA B200,128,2,128,15,wan,2000,18.223,0.024,0.043,18.290,8930.5887,9,18.000,98.4
NVIDIA B200,128,4,16,15,nvlink,5,0.819,0.028,0.044,0.892,13.6074,12,0.060,6.8
NVIDIA B200,128,4,16,15,pcie,16,0.957,0.029,0.048,1.033,15.7642,12,0.192,18.6
NVIDIA B200,128,4,16,15,loopback,25.2,1.067,0.029,0.044,1.139,17.3812,12,0.303,26.6
NVIDIA B200,128,4,16,15,dc,50,1.367,0.029,0.047,1.444,22.0335,12,0.600,41.6
NVIDIA B200,128,4,16,15,wan,2000,24.764,0.028,0.044,24.836,378.9676,12,24.000,96.6
NVIDIA B200,128,8,8,15,nvlink,5,0.418,0.035,0.054,0.507,0.9679,13,0.065,12.9
NVIDIA B200,128,8,8,15,pcie,16,0.562,0.035,0.054,0.652,1.2432,13,0.209,32.0
NVIDIA B200,128,8,8,15,loopback,25.2,0.682,0.036,0.054,0.773,1.4739,13,0.328,42.5
NVIDIA B200,128,8,8,15,dc,50,1.006,0.035,0.056,1.097,2.0932,13,0.650,59.3
NVIDIA B200,128,8,8,15,wan,2000,26.358,0.036,0.054,26.448,50.4454,13,26.000,98.3
NVIDIA B200,80,2,64,16,nvlink,5,0.322,0.026,0.058,0.406,49.5286,11,0.055,13.7
NVIDIA B200,80,2,64,16,pcie,16,0.446,0.025,0.058,0.530,64.6576,11,0.176,33.3
NVIDIA B200,80,2,64,16,loopback,25.2,0.544,0.026,0.058,0.628,76.6484,11,0.278,44.2
NVIDIA B200,80,2,64,16,dc,50,0.812,0.025,0.058,0.896,109.3438,11,0.550,61.4
NVIDIA B200,80,2,64,16,wan,2000,22.267,0.025,0.057,22.350,2728.2604,11,22.000,98.4
NVIDIA B200,80,4,16,16,nvlink,5,0.884,0.029,0.068,0.981,7.4833,13,0.065,6.7
NVIDIA B200,80,4,16,16,pcie,16,1.028,0.029,0.069,1.127,8.5981,13,0.208,18.5
NVIDIA B200,80,4,16,16,loopback,25.2,1.142,0.029,0.067,1.238,9.4463,13,0.328,26.5
NVIDIA B200,80,4,16,16,dc,50,1.478,0.029,0.070,1.577,12.0333,13,0.650,41.2
NVIDIA B200,80,4,16,16,wan,2000,26.831,0.029,0.068,26.928,205.4469,13,26.000,96.6
NVIDIA B200,80,8,4,16,nvlink,5,,,,,,,,
NVIDIA B200,80,8,4,16,pcie,16,,,,,,,,
NVIDIA B200,80,8,4,16,loopback,25.2,,,,,,,,
NVIDIA B200,80,8,4,16,dc,50,,,,,,,,
NVIDIA B200,80,8,4,16,wan,2000,,,,,,,,
NVIDIA B200,128,2,128,16,nvlink,5,0.295,0.025,0.058,0.377,92.1562,10,0.050,13.3
NVIDIA B200,128,2,128,16,pcie,16,0.404,0.025,0.058,0.487,118.8906,10,0.160,32.9
NVIDIA B200,128,2,128,16,loopback,25.2,0.493,0.027,0.059,0.579,141.3359,10,0.252,43.6
NVIDIA B200,128,2,128,16,dc,50,0.741,0.026,0.060,0.827,201.8125,10,0.500,60.5
NVIDIA B200,128,2,128,16,wan,2000,20.246,0.027,0.059,20.332,4963.8855,10,20.000,98.4
NVIDIA B200,128,4,16,16,nvlink,5,0.891,0.029,0.068,0.988,7.5364,13,0.065,6.6
NVIDIA B200,128,4,16,16,pcie,16,1.033,0.029,0.067,1.130,8.6175,13,0.208,18.4
NVIDIA B200,128,4,16,16,loopback,25.2,1.156,0.029,0.069,1.254,9.5695,13,0.328,26.2
NVIDIA B200,128,4,16,16,dc,50,1.473,0.029,0.072,1.573,12.0037,13,0.651,41.3
NVIDIA B200,128,4,16,16,wan,2000,26.826,0.028,0.068,26.922,205.4019,13,26.000,96.6
NVIDIA B200,128,8,8,16,nvlink,5,0.464,0.044,0.078,0.585,0.5583,14,0.070,12.0
NVIDIA B200,128,8,8,16,pcie,16,0.628,0.044,0.078,0.750,0.7153,14,0.224,29.9
NVIDIA B200,128,8,8,16,loopback,25.2,0.749,0.045,0.077,0.871,0.8303,14,0.353,40.6
NVIDIA B200,128,8,8,16,dc,50,1.097,0.045,0.076,1.217,1.1609,14,0.701,57.5
NVIDIA B200,128,8,8,16,wan,2000,28.396,0.044,0.078,28.519,27.1975,14,28.000,98.2
NVIDIA B200,80,2,64,17,nvlink,5,0.349,0.026,0.089,0.464,28.3138,12,0.060,13.0
NVIDIA B200,80,2,64,17,pcie,16,0.482,0.027,0.085,0.593,36.2083,12,0.192,32.4
NVIDIA B200,80,2,64,17,loopback,25.2,0.585,0.025,0.080,0.690,42.1432,12,0.303,43.9
NVIDIA B200,80,2,64,17,dc,50,0.887,0.025,0.087,1.000,61.0221,12,0.600,60.1
NVIDIA B200,80,2,64,17,wan,2000,24.298,0.027,0.087,24.412,1489.9883,12,24.000,98.3
NVIDIA B200,80,4,16,17,nvlink,5,0.958,0.029,0.096,1.082,4.1285,14,0.070,6.5
NVIDIA B200,80,4,16,17,pcie,16,1.106,0.029,0.097,1.232,4.6995,14,0.224,18.2
NVIDIA B200,80,4,16,17,loopback,25.2,1.237,0.029,0.097,1.363,5.1981,14,0.353,25.9
NVIDIA B200,80,4,16,17,dc,50,1.586,0.029,0.095,1.710,6.5230,14,0.701,41.0
NVIDIA B200,80,4,16,17,wan,2000,28.895,0.029,0.096,29.020,110.7026,14,28.000,96.5
NVIDIA B200,80,8,4,17,nvlink,5,,,,,,,,
NVIDIA B200,80,8,4,17,pcie,16,,,,,,,,
NVIDIA B200,80,8,4,17,loopback,25.2,,,,,,,,
NVIDIA B200,80,8,4,17,dc,50,,,,,,,,
NVIDIA B200,80,8,4,17,wan,2000,,,,,,,,
NVIDIA B200,128,2,128,17,nvlink,5,0.319,0.025,0.089,0.433,52.9049,11,0.055,12.8
NVIDIA B200,128,2,128,17,pcie,16,0.442,0.025,0.087,0.554,67.6536,11,0.176,31.8
NVIDIA B200,128,2,128,17,loopback,25.2,0.544,0.026,0.085,0.655,79.9727,11,0.278,42.4
NVIDIA B200,128,2,128,17,dc,50,0.814,0.026,0.086,0.925,112.9622,11,0.552,59.6
NVIDIA B200,128,2,128,17,wan,2000,22.270,0.025,0.081,22.377,2731.5247,11,22.000,98.3
NVIDIA B200,128,4,16,17,nvlink,5,0.953,0.028,0.095,1.076,4.1031,14,0.072,6.7
NVIDIA B200,128,4,16,17,pcie,16,1.112,0.029,0.091,1.232,4.7006,14,0.224,18.2
NVIDIA B200,128,4,16,17,loopback,25.2,1.241,0.029,0.096,1.366,5.2093,14,0.353,25.9
NVIDIA B200,128,4,16,17,dc,50,1.585,0.029,0.091,1.705,6.5028,14,0.701,41.1
NVIDIA B200,128,4,16,17,wan,2000,28.889,0.029,0.088,29.006,110.6479,14,28.000,96.5
NVIDIA B200,128,8,8,17,nvlink,5,0.541,0.064,0.132,0.737,0.3514,15,0.076,10.2
NVIDIA B200,128,8,8,17,pcie,16,0.704,0.063,0.128,0.896,0.4270,15,0.240,26.8
NVIDIA B200,128,8,8,17,loopback,25.2,0.838,0.064,0.132,1.033,0.4927,15,0.378,36.6
NVIDIA B200,128,8,8,17,dc,50,1.214,0.064,0.124,1.402,0.6687,15,0.751,53.5
NVIDIA B200,128,8,8,17,wan,2000,30.472,0.064,0.125,30.662,14.6207,15,30.000,97.8
NVIDIA B200,80,2,64,18,nvlink,5,0.380,0.026,0.131,0.536,16.3669,13,0.065,12.2
NVIDIA B200,80,2,64,18,pcie,16,0.522,0.026,0.124,0.672,20.5127,13,0.208,31.0
NVIDIA B200,80,2,64,18,loopback,25.2,0.633,0.023,0.124,0.780,23.8138,13,0.328,42.0
NVIDIA B200,80,2,64,18,dc,50,0.961,0.025,0.117,1.103,33.6696,13,0.650,59.0
NVIDIA B200,80,2,64,18,wan,2000,26.314,0.026,0.126,26.466,807.6676,13,26.000,98.2
NVIDIA B200,80,4,16,18,nvlink,5,1.022,0.031,0.139,1.192,2.2745,15,0.076,6.3
NVIDIA B200,80,4,16,18,pcie,16,1.193,0.031,0.132,1.356,2.5857,15,0.242,17.8
NVIDIA B200,80,4,16,18,loopback,25.2,1.332,0.031,0.136,1.500,2.8604,15,0.379,25.2
NVIDIA B200,80,4,16,18,dc,50,1.705,0.031,0.140,1.875,3.5769,15,0.751,40.0
NVIDIA B200,80,4,16,18,wan,2000,30.955,0.031,0.115,31.102,59.3218,15,30.000,96.5
NVIDIA B200,80,8,4,18,nvlink,5,,,,,,,,
NVIDIA B200,80,8,4,18,pcie,16,,,,,,,,
NVIDIA B200,80,8,4,18,loopback,25.2,,,,,,,,
NVIDIA B200,80,8,4,18,dc,50,,,,,,,,
NVIDIA B200,80,8,4,18,wan,2000,,,,,,,,
NVIDIA B200,128,2,128,18,nvlink,5,0.350,0.025,0.118,0.494,30.1549,12,0.062,12.4
NVIDIA B200,128,2,128,18,pcie,16,0.481,0.026,0.129,0.636,38.8437,12,0.192,30.2
NVIDIA B200,128,2,128,18,loopback,25.2,0.597,0.026,0.129,0.752,45.8900,12,0.303,40.3
NVIDIA B200,128,2,128,18,dc,50,0.891,0.025,0.132,1.048,63.9518,12,0.600,57.3
NVIDIA B200,128,2,128,18,wan,2000,24.290,0.025,0.126,24.440,1491.7181,12,24.000,98.2
NVIDIA B200,128,4,16,18,nvlink,5,1.028,0.031,0.136,1.195,2.2795,15,0.076,6.3
NVIDIA B200,128,4,16,18,pcie,16,1.191,0.031,0.140,1.363,2.5991,15,0.240,17.6
NVIDIA B200,128,4,16,18,loopback,25.2,1.331,0.031,0.134,1.496,2.8534,15,0.379,25.3
NVIDIA B200,128,4,16,18,dc,50,1.703,0.031,0.139,1.874,3.5737,15,0.751,40.1
NVIDIA B200,128,4,16,18,wan,2000,30.967,0.032,0.138,31.137,59.3895,15,30.000,96.3
NVIDIA B200,128,8,8,18,nvlink,5,0.633,0.109,0.203,0.946,0.2254,16,0.081,8.5
NVIDIA B200,128,8,8,18,pcie,16,0.815,0.110,0.211,1.135,0.2707,16,0.256,22.6
NVIDIA B200,128,8,8,18,loopback,25.2,0.960,0.108,0.215,1.283,0.3059,16,0.405,31.5
NVIDIA B200,128,8,8,18,dc,50,1.356,0.110,0.212,1.678,0.4001,16,0.801,47.7
NVIDIA B200,128,8,8,18,wan,2000,32.564,0.109,0.210,32.883,7.8400,16,32.000,97.3
NVIDIA B200,80,2,64,19,nvlink,5,0.409,0.025,0.205,0.639,9.7498,14,0.070,11.0
NVIDIA B200,80,2,64,19,pcie,16,0.558,0.025,0.205,0.788,12.0228,14,0.224,28.5
NVIDIA B200,80,2,64,19,loopback,25.2,0.683,0.026,0.215,0.925,14.1125,14,0.353,38.2
NVIDIA B200,80,2,64,19,dc,50,1.035,0.027,0.211,1.272,19.4163,14,0.701,55.1
NVIDIA B200,80,2,64,19,wan,2000,28.335,0.025,0.211,28.571,435.9629,14,28.000,98.0
NVIDIA B200,80,4,16,19,nvlink,5,1.118,0.043,0.222,1.383,1.3188,16,0.081,5.8
NVIDIA B200,80,4,16,19,pcie,16,1.290,0.042,0.226,1.558,1.4858,16,0.256,16.5
NVIDIA B200,80,4,16,19,loopback,25.2,1.432,0.043,0.221,1.696,1.6171,16,0.404,23.8
NVIDIA B200,80,4,16,19,dc,50,1.825,0.043,0.222,2.089,1.9926,16,0.801,38.3
NVIDIA B200,80,4,16,19,wan,2000,33.040,0.042,0.234,33.316,31.7722,16,32.000,96.1
NVIDIA B200,80,8,4,19,nvlink,5,,,,,,,,
NVIDIA B200,80,8,4,19,pcie,16,,,,,,,,
NVIDIA B200,80,8,4,19,loopback,25.2,,,,,,,,
NVIDIA B200,80,8,4,19,dc,50,,,,,,,,
NVIDIA B200,80,8,4,19,wan,2000,,,,,,,,
NVIDIA B200,128,2,128,19,nvlink,5,0.380,0.026,0.219,0.625,19.0635,13,0.066,10.5
NVIDIA B200,128,2,128,19,pcie,16,0.519,0.026,0.216,0.760,23.2002,13,0.208,27.4
NVIDIA B200,128,2,128,19,loopback,25.2,0.639,0.025,0.172,0.836,25.5270,13,0.328,39.2
NVIDIA B200,128,2,128,19,dc,50,0.968,0.026,0.218,1.211,36.9577,13,0.652,53.9
NVIDIA B200,128,2,128,19,wan,2000,26.316,0.026,0.210,26.552,810.2962,13,26.000,97.9
NVIDIA B200,128,4,16,19,nvlink,5,1.108,0.042,0.236,1.387,1.3224,16,0.081,5.8
NVIDIA B200,128,4,16,19,pcie,16,1.288,0.043,0.221,1.552,1.4797,16,0.256,16.5
NVIDIA B200,128,4,16,19,loopback,25.2,1.444,0.042,0.222,1.709,1.6295,16,0.404,23.6
NVIDIA B200,128,4,16,19,dc,50,1.834,0.043,0.237,2.114,2.0156,16,0.801,37.9
NVIDIA B200,128,4,16,19,wan,2000,33.032,0.043,0.226,33.301,31.7582,16,32.000,96.1
NVIDIA B200,128,8,8,19,nvlink,5,0.822,0.190,0.390,1.403,0.1673,17,0.086,6.1
NVIDIA B200,128,8,8,19,pcie,16,1.012,0.190,0.378,1.580,0.1884,17,0.273,17.2
NVIDIA B200,128,8,8,19,loopback,25.2,1.159,0.191,0.375,1.725,0.2057,17,0.430,24.9
NVIDIA B200,128,8,8,19,dc,50,1.594,0.198,0.373,2.165,0.2581,17,0.851,39.3
NVIDIA B200,128,8,8,19,wan,2000,34.743,0.199,0.377,35.320,4.2104,17,34.001,96.3
NVIDIA B200,80,2,64,20,nvlink,5,0.437,0.025,0.378,0.840,6.4115,15,0.076,9.0
NVIDIA B200,80,2,64,20,pcie,16,0.608,0.025,0.398,1.031,7.8670,15,0.240,23.3
NVIDIA B200,80,2,64,20,loopback,25.2,0.741,0.026,0.394,1.160,8.8522,15,0.379,32.6
NVIDIA B200,80,2,64,20,dc,50,1.112,0.026,0.399,1.537,11.7231,15,0.751,48.9
NVIDIA B200,80,2,64,20,wan,2000,30.365,0.025,0.399,30.789,234.9041,15,30.000,97.4
NVIDIA B200,80,4,16,20,nvlink,5,1.197,0.067,0.406,1.669,0.7958,17,0.086,5.1
NVIDIA B200,80,4,16,20,pcie,16,1.396,0.066,0.421,1.883,0.8980,17,0.273,14.5
NVIDIA B200,80,4,16,20,loopback,25.2,1.547,0.066,0.438,2.051,0.9779,17,0.429,20.9
NVIDIA B200,80,4,16,20,dc,50,1.974,0.066,0.431,2.471,1.1782,17,0.851,34.5
NVIDIA B200,80,4,16,20,wan,2000,35.141,0.067,0.429,35.637,16.9928,17,34.000,95.4
NVIDIA B200,80,8,4,20,nvlink,5,,,,,,,,
NVIDIA B200,80,8,4,20,pcie,16,,,,,,,,
NVIDIA B200,80,8,4,20,loopback,25.2,,,,,,,,
NVIDIA B200,80,8,4,20,dc,50,,,,,,,,
NVIDIA B200,80,8,4,20,wan,2000,,,,,,,,
NVIDIA B200,128,2,128,20,nvlink,5,0.409,0.026,0.395,0.829,12.6558,14,0.072,8.6
NVIDIA B200,128,2,128,20,pcie,16,0.558,0.026,0.393,0.977,14.9080,14,0.224,23.0
NVIDIA B200,128,2,128,20,loopback,25.2,0.687,0.025,0.383,1.095,16.7017,14,0.353,32.3
NVIDIA B200,128,2,128,20,dc,50,1.036,0.026,0.398,1.460,22.2764,14,0.703,48.1
NVIDIA B200,128,2,128,20,wan,2000,28.337,0.027,0.412,28.776,439.0822,14,28.000,97.3
NVIDIA B200,128,4,16,20,nvlink,5,1.206,0.066,0.439,1.711,0.8159,17,0.086,5.0
NVIDIA B200,128,4,16,20,pcie,16,1.395,0.066,0.441,1.902,0.9070,17,0.273,14.3
NVIDIA B200,128,4,16,20,loopback,25.2,1.562,0.066,0.439,2.067,0.9855,17,0.429,20.8
NVIDIA B200,128,4,16,20,dc,50,1.964,0.066,0.427,2.457,1.1714,17,0.851,34.6
NVIDIA B200,128,4,16,20,wan,2000,35.123,0.066,0.427,35.616,16.9832,17,34.000,95.5
NVIDIA B200,128,8,8,20,nvlink,5,1.160,0.363,0.726,2.249,0.1340,18,0.091,4.0
NVIDIA B200,128,8,8,20,pcie,16,1.351,0.363,0.700,2.413,0.1438,18,0.289,12.0
NVIDIA B200,128,8,8,20,loopback,25.2,1.509,0.362,0.698,2.569,0.1531,18,0.454,17.7
NVIDIA B200,128,8,8,20,dc,50,1.967,0.362,0.717,3.046,0.1815,18,0.901,29.6
NVIDIA B200,128,8,8,20,wan,2000,37.072,0.367,0.723,38.162,2.2746,18,36.001,94.3
NVIDIA B200,80,2,64,21,nvlink,5,0.472,0.025,0.768,1.265,4.8255,16,0.081,6.4
NVIDIA B200,80,2,64,21,pcie,16,0.646,0.026,0.715,1.386,5.2889,16,0.256,18.5
NVIDIA B200,80,2,64,21,loopback,25.2,0.792,0.026,0.735,1.552,5.9222,16,0.404,26.0
NVIDIA B200,80,2,64,21,dc,50,1.198,0.026,0.779,2.004,7.6438,16,0.801,40.0
NVIDIA B200,80,2,64,21,wan,2000,32.387,0.025,0.702,33.114,126.3206,16,32.000,96.6
NVIDIA B200,80,4,16,21,nvlink,5,1.342,0.107,0.780,2.229,0.5315,18,0.091,4.1
NVIDIA B200,80,4,16,21,pcie,16,1.550,0.107,0.768,2.425,0.5782,18,0.289,11.9
NVIDIA B200,80,4,16,21,loopback,25.2,1.708,0.107,0.798,2.614,0.6231,18,0.456,17.4
NVIDIA B200,80,4,16,21,dc,50,2.152,0.108,0.828,3.088,0.7362,18,0.901,29.2
NVIDIA B200,80,4,16,21,wan,2000,37.261,0.110,0.873,38.244,9.1182,18,36.001,94.1
NVIDIA B200,80,8,4,21,nvlink,5,,,,,,,,
NVIDIA B200,80,8,4,21,pcie,16,,,,,,,,
NVIDIA B200,80,8,4,21,loopback,25.2,,,,,,,,
NVIDIA B200,80,8,4,21,dc,50,,,,,,,,
NVIDIA B200,80,8,4,21,wan,2000,,,,,,,,
NVIDIA B200,128,2,128,21,nvlink,5,0.435,0.025,0.712,1.171,8.9340,15,0.076,6.5
NVIDIA B200,128,2,128,21,pcie,16,0.606,0.026,0.688,1.320,10.0692,15,0.240,18.2
NVIDIA B200,128,2,128,21,loopback,25.2,0.736,0.025,0.763,1.524,11.6266,15,0.379,24.9
NVIDIA B200,128,2,128,21,dc,50,1.116,0.026,0.748,1.890,14.4220,15,0.751,39.7
NVIDIA B200,128,2,128,21,wan,2000,30.365,0.025,0.748,31.138,237.5632,15,30.000,96.3
NVIDIA B200,128,4,16,21,nvlink,5,1.343,0.107,0.834,2.285,0.5448,18,0.091,4.0
NVIDIA B200,128,4,16,21,pcie,16,1.536,0.107,0.778,2.421,0.5773,18,0.289,11.9
NVIDIA B200,128,4,16,21,loopback,25.2,1.715,0.107,0.823,2.646,0.6308,18,0.454,17.2
NVIDIA B200,128,4,16,21,dc,50,2.148,0.108,0.812,3.067,0.7313,18,0.901,29.4
NVIDIA B200,128,4,16,21,wan,2000,37.265,0.108,0.829,38.202,9.1080,18,36.001,94.2
NVIDIA B200,128,8,8,21,nvlink,5,1.785,0.612,1.385,3.782,0.1127,19,0.096,2.5
NVIDIA B200,128,8,8,21,pcie,16,1.985,0.613,1.321,3.919,0.1168,19,0.305,7.8
NVIDIA B200,128,8,8,21,loopback,25.2,2.159,0.612,1.352,4.123,0.1229,19,0.479,11.6
NVIDIA B200,128,8,8,21,dc,50,2.626,0.612,1.378,4.616,0.1376,19,0.951,20.6
NVIDIA B200,128,8,8,21,wan,2000,39.703,0.622,1.392,41.717,1.2433,19,38.001,91.1
NVIDIA B200,80,2,64,22,nvlink,5,0.511,0.036,1.495,2.042,3.8957,17,0.086,4.2
NVIDIA B200,80,2,64,22,pcie,16,0.700,0.035,1.455,2.191,4.1791,17,0.273,12.5
NVIDIA B200,80,2,64,22,loopback,25.2,0.853,0.035,1.490,2.378,4.5365,17,0.429,18.0
NVIDIA B200,80,2,64,22,dc,50,1.272,0.036,1.410,2.717,5.1830,17,0.851,31.3
NVIDIA B200,80,2,64,22,wan,2000,34.427,0.036,1.354,35.817,68.3150,17,34.000,94.9
NVIDIA B200,80,4,16,22,nvlink,5,1.564,0.177,1.615,3.355,0.4000,19,0.096,2.9
NVIDIA B200,80,4,16,22,pcie,16,1.766,0.177,1.620,3.563,0.4248,19,0.305,8.5
NVIDIA B200,80,4,16,22,loopback,25.2,1.927,0.177,1.634,3.738,0.4456,19,0.480,12.8
NVIDIA B200,80,4,16,22,dc,50,2.417,0.177,1.651,4.246,0.5062,19,0.951,22.4
NVIDIA B200,80,4,16,22,wan,2000,39.474,0.178,1.532,41.184,4.9096,19,38.001,92.3
NVIDIA B200,80,8,4,22,nvlink,5,5.359,2.150,3.804,11.313,0.0843,21,0.106,0.9
NVIDIA B200,80,8,4,22,pcie,16,5.564,2.150,3.881,11.594,0.0864,21,0.337,2.9
NVIDIA B200,80,8,4,22,loopback,25.2,5.763,2.150,3.880,11.794,0.0879,21,0.530,4.5
NVIDIA B200,80,8,4,22,dc,50,,,,,,,,
NVIDIA B200,80,8,4,22,wan,2000,,,,,,,,
NVIDIA B200,128,2,128,22,nvlink,5,0.468,0.025,1.416,1.909,7.2837,16,0.081,4.2
NVIDIA B200,128,2,128,22,pcie,16,0.650,0.026,1.458,2.134,8.1404,16,0.256,12.0
NVIDIA B200,128,2,128,22,loopback,25.2,0.789,0.025,1.459,2.273,8.6708,16,0.404,17.8
NVIDIA B200,128,2,128,22,dc,50,1.189,0.026,1.349,2.564,9.7817,16,0.801,31.2
NVIDIA B200,128,2,128,22,wan,2000,32.400,0.025,1.372,33.798,128.9302,16,32.000,94.7
NVIDIA B200,128,4,16,22,nvlink,5,1.552,0.177,1.606,3.336,0.3977,19,0.096,2.9
NVIDIA B200,128,4,16,22,pcie,16,1.771,0.176,1.620,3.567,0.4253,19,0.305,8.5
NVIDIA B200,128,4,16,22,loopback,25.2,1.935,0.178,1.514,3.626,0.4322,19,0.480,13.2
NVIDIA B200,128,4,16,22,dc,50,2.400,0.177,1.613,4.191,0.4996,19,0.953,22.7
NVIDIA B200,128,4,16,22,wan,2000,39.472,0.177,1.572,41.221,4.9139,19,38.001,92.2
NVIDIA B200,128,8,8,22,nvlink,5,2.982,1.129,2.684,6.795,0.1013,20,0.101,1.5
NVIDIA B200,128,8,8,22,pcie,16,3.210,1.130,2.631,6.971,0.1039,20,0.322,4.6
NVIDIA B200,128,8,8,22,loopback,25.2,3.389,1.129,2.719,7.237,0.1078,20,0.505,7.0
NVIDIA B200,128,8,8,22,dc,50,3.884,1.130,2.694,7.707,0.1148,20,1.002,13.0
NVIDIA B200,128,8,8,22,wan,2000,42.925,1.137,2.679,46.741,0.6965,20,40.001,85.6
NVIDIA B200,80,2,64,23,nvlink,5,0.551,0.043,2.852,3.447,3.2869,18,0.091,2.6
NVIDIA B200,80,2,64,23,pcie,16,0.752,0.044,2.846,3.642,3.4729,18,0.289,7.9
NVIDIA B200,80,2,64,23,loopback,25.2,0.921,0.044,2.879,3.844,3.6658,18,0.454,11.8
NVIDIA B200,80,2,64,23,dc,50,1.373,0.044,2.872,4.290,4.0908,18,0.902,21.0
NVIDIA B200,80,2,64,23,wan,2000,36.474,0.045,2.856,39.375,37.5510,18,36.001,91.4
NVIDIA B200,80,4,16,23,nvlink,5,1.913,0.312,3.162,5.387,0.3211,20,0.101,1.9
NVIDIA B200,80,4,16,23,pcie,16,2.132,0.312,3.218,5.663,0.3375,20,0.321,5.7
NVIDIA B200,80,4,16,23,loopback,25.2,2.316,0.312,3.300,5.927,0.3533,20,0.505,8.5
NVIDIA B200,80,4,16,23,dc,50,2.822,0.314,3.006,6.142,0.3661,20,1.001,16.3
NVIDIA B200,80,4,16,23,wan,2000,41.835,0.312,3.014,45.160,2.6918,20,40.001,88.6
NVIDIA B200,80,8,4,23,nvlink,5,,,,,,,,
NVIDIA B200,80,8,4,23,pcie,16,,,,,,,,
NVIDIA B200,80,8,4,23,loopback,25.2,,,,,,,,
NVIDIA B200,80,8,4,23,dc,50,,,,,,,,
NVIDIA B200,80,8,4,23,wan,2000,53.994,4.213,7.513,65.721,0.2448,22,44.001,67.0
NVIDIA B200,128,2,128,23,nvlink,5,0.508,0.036,2.634,3.179,6.0631,17,0.086,2.7
NVIDIA B200,128,2,128,23,pcie,16,0.699,0.036,2.743,3.478,6.6333,17,0.273,7.8
NVIDIA B200,128,2,128,23,loopback,25.2,0.857,0.036,2.747,3.641,6.9441,17,0.430,11.8
NVIDIA B200,128,2,128,23,dc,50,1.274,0.036,2.755,4.065,7.7537,17,0.851,20.9
NVIDIA B200,128,2,128,23,wan,2000,34.431,0.036,2.857,37.324,71.1893,17,34.000,91.1
NVIDIA B200,128,4,16,23,nvlink,5,1.904,0.312,3.205,5.421,0.3231,20,0.101,1.9
NVIDIA B200,128,4,16,23,pcie,16,2.140,0.312,2.945,5.397,0.3217,20,0.321,5.9
NVIDIA B200,128,4,16,23,loopback,25.2,2.324,0.310,3.006,5.639,0.3361,20,0.505,8.9
NVIDIA B200,128,4,16,23,dc,50,2.821,0.312,2.997,6.130,0.3654,20,1.001,16.3
NVIDIA B200,128,4,16,23,wan,2000,41.827,0.312,3.020,45.160,2.6917,20,40.001,88.6
NVIDIA B200,128,8,8,23,nvlink,5,5.356,2.150,5.222,12.728,0.0948,21,0.106,0.8
NVIDIA B200,128,8,8,23,pcie,16,5.577,2.149,5.308,13.034,0.0971,21,0.337,2.6
NVIDIA B200,128,8,8,23,loopback,25.2,5.777,2.149,5.328,13.255,0.0988,21,0.531,4.0
NVIDIA B200,128,8,8,23,dc,50,6.303,2.150,5.249,13.702,0.1021,21,1.051,7.7
NVIDIA B200,128,8,8,23,wan,2000,47.301,2.165,5.089,54.556,0.4065,21,42.001,77.0
NVIDIA B200,80,2,64,24,nvlink,5,0.629,0.062,5.678,6.369,3.0370,19,0.096,1.5
NVIDIA B200,80,2,64,24,pcie,16,0.841,0.062,5.746,6.648,3.1702,19,0.307,4.6
NVIDIA B200,80,2,64,24,loopback,25.2,1.009,0.062,5.670,6.741,3.2145,19,0.480,7.1
NVIDIA B200,80,2,64,24,dc,50,1.483,0.062,5.772,7.317,3.4892,19,0.952,13.0
NVIDIA B200,80,2,64,24,wan,2000,38.537,0.065,5.326,43.928,20.9467,19,38.001,86.5
NVIDIA B200,80,4,16,24,nvlink,5,2.558,0.568,5.830,8.956,0.2669,21,0.106,1.2
NVIDIA B200,80,4,16,24,pcie,16,2.806,0.562,6.327,9.695,0.2889,21,0.337,3.5
NVIDIA B200,80,4,16,24,loopback,25.2,3.000,0.567,5.815,9.382,0.2796,21,0.530,5.6
NVIDIA B200,80,4,16,24,dc,50,3.518,0.565,5.860,9.943,0.2963,21,1.051,10.6
NVIDIA B200,80,4,16,24,wan,2000,44.489,0.573,5.898,50.960,1.5187,21,42.001,82.4
NVIDIA B200,80,8,4,24,nvlink,5,19.377,8.319,15.358,43.055,0.0802,23,0.117,0.3
NVIDIA B200,80,8,4,24,pcie,16,,,,,,,,
NVIDIA B200,80,8,4,24,loopback,25.2,,,,,,,,
NVIDIA B200,80,8,4,24,dc,50,20.409,8.316,15.432,44.157,0.0822,23,1.152,2.6
NVIDIA B200,80,8,4,24,wan,2000,,,,,,,,
NVIDIA B200,128,2,128,24,nvlink,5,0.557,0.043,5.481,6.081,5.7989,18,0.091,1.5
NVIDIA B200,128,2,128,24,pcie,16,0.759,0.044,5.509,6.312,6.0196,18,0.289,4.6
NVIDIA B200,128,2,128,24,loopback,25.2,0.923,0.044,5.482,6.449,6.1502,18,0.455,7.1
NVIDIA B200,128,2,128,24,dc,50,1.365,0.044,5.326,6.735,6.4230,18,0.901,13.4
NVIDIA B200,128,2,128,24,wan,2000,36.476,0.044,5.380,41.900,39.9590,18,36.001,85.9
NVIDIA B200,128,4,16,24,nvlink,5,2.571,0.568,5.897,9.036,0.2693,21,0.106,1.2
NVIDIA B200,128,4,16,24,pcie,16,2.789,0.568,5.800,9.157,0.2729,21,0.337,3.7
NVIDIA B200,128,4,16,24,loopback,25.2,2.985,0.563,5.949,9.496,0.2830,21,0.530,5.6
NVIDIA B200,128,4,16,24,dc,50,3.510,0.565,5.840,9.916,0.2955,21,1.051,10.6
NVIDIA B200,128,4,16,24,wan,2000,44.494,0.573,5.906,50.973,1.5191,21,42.001,82.4
NVIDIA B200,128,8,8,24,nvlink,5,10.040,4.210,10.053,24.303,0.0905,22,0.111,0.5
NVIDIA B200,128,8,8,24,pcie,16,10.273,4.210,10.335,24.818,0.0925,22,0.353,1.4
NVIDIA B200,128,8,8,24,loopback,25.2,10.486,4.210,10.064,24.760,0.0922,22,0.556,2.2
NVIDIA B200,128,8,8,24,dc,50,11.030,4.211,10.405,25.645,0.0955,22,1.101,4.3
NVIDIA B200,128,8,8,24,wan,2000,53.988,4.211,10.409,68.607,0.2556,22,44.001,64.1
