gpu,lambda,c,t,logN,tier,rtt_us,dpf_blk_ms,naive_per_mul,square_per_mul,e2e_naive_ms,e2e_square_ms
NVIDIA B200,80,2,64,10,nvlink,5,0.2140,0.0169,0.0941,0.9912,1.6088
NVIDIA B200,80,2,64,10,pcie,16,0.2670,0.0169,0.0941,1.2032,1.8208
NVIDIA B200,80,2,64,10,loopback,25.2,0.3130,0.0169,0.0941,1.3872,2.0048
NVIDIA B200,80,2,64,10,dc,50,0.4380,0.0169,0.0941,1.8872,2.5048
NVIDIA B200,80,2,64,10,wan,2000,10.1860,0.0169,0.0941,40.8792,41.4968
NVIDIA B200,80,4,16,10,nvlink,5,0.5400,0.0048,0.0241,8.7936,9.4112
NVIDIA B200,80,4,16,10,pcie,16,0.6200,0.0048,0.0241,10.0736,10.6912
NVIDIA B200,80,4,16,10,loopback,25.2,0.6780,0.0048,0.0241,11.0016,11.6192
NVIDIA B200,80,4,16,10,dc,50,0.8550,0.0048,0.0241,13.8336,14.4512
NVIDIA B200,80,4,16,10,wan,2000,14.5050,0.0048,0.0241,232.2336,232.8512
NVIDIA B200,80,8,4,10,nvlink,5,0.3420,0.0012,0.0060,22.0416,22.6560
NVIDIA B200,80,8,4,10,pcie,16,0.4410,0.0012,0.0060,28.3776,28.9920
NVIDIA B200,80,8,4,10,loopback,25.2,0.5220,0.0012,0.0060,33.5616,34.1760
NVIDIA B200,80,8,4,10,dc,50,0.7480,0.0012,0.0060,48.0256,48.6400
NVIDIA B200,80,8,4,10,wan,2000,18.2990,0.0012,0.0060,1171.2896,1171.9040
NVIDIA B200,128,2,128,10,nvlink,5,0.1840,0.0169,0.0941,0.8712,1.4888
NVIDIA B200,128,2,128,10,pcie,16,0.2290,0.0169,0.0941,1.0512,1.6688
NVIDIA B200,128,2,128,10,loopback,25.2,0.2680,0.0169,0.0941,1.2072,1.8248
NVIDIA B200,128,2,128,10,dc,50,0.3700,0.0169,0.0941,1.6152,2.2328
NVIDIA B200,128,2,128,10,wan,2000,8.1650,0.0169,0.0941,32.7952,33.4128
NVIDIA B200,128,4,16,10,nvlink,5,0.5280,0.0048,0.0241,8.6016,9.2192
NVIDIA B200,128,4,16,10,pcie,16,0.6010,0.0048,0.0241,9.7696,10.3872
NVIDIA B200,128,4,16,10,loopback,25.2,0.6750,0.0048,0.0241,10.9536,11.5712
NVIDIA B200,128,4,16,10,dc,50,0.8580,0.0048,0.0241,13.8816,14.4992
NVIDIA B200,128,4,16,10,wan,2000,14.5090,0.0048,0.0241,232.2976,232.9152
NVIDIA B200,128,8,8,10,nvlink,5,0.3150,0.0012,0.0060,20.3136,20.9280
NVIDIA B200,128,8,8,10,pcie,16,0.4000,0.0012,0.0060,25.7536,26.3680
NVIDIA B200,128,8,8,10,loopback,25.2,0.4750,0.0012,0.0060,30.5536,31.1680
NVIDIA B200,128,8,8,10,dc,50,0.6770,0.0012,0.0060,43.4816,44.0960
NVIDIA B200,128,8,8,10,wan,2000,16.2790,0.0012,0.0060,1042.0096,1042.6240
NVIDIA B200,80,2,64,11,nvlink,5,0.2390,0.0203,0.0952,1.1184,1.7176
NVIDIA B200,80,2,64,11,pcie,16,0.3040,0.0203,0.0952,1.3784,1.9776
NVIDIA B200,80,2,64,11,loopback,25.2,0.3550,0.0203,0.0952,1.5824,2.1816
NVIDIA B200,80,2,64,11,dc,50,0.5100,0.0203,0.0952,2.2024,2.8016
NVIDIA B200,80,2,64,11,wan,2000,12.2120,0.0203,0.0952,49.0104,49.6096
NVIDIA B200,80,4,16,11,nvlink,5,0.6160,0.0053,0.0240,10.0256,10.6240
NVIDIA B200,80,4,16,11,pcie,16,0.7010,0.0053,0.0240,11.3856,11.9840
NVIDIA B200,80,4,16,11,loopback,25.2,0.7670,0.0053,0.0240,12.4416,13.0400
NVIDIA B200,80,4,16,11,dc,50,0.9770,0.0053,0.0240,15.8016,16.4000
NVIDIA B200,80,4,16,11,wan,2000,16.5750,0.0053,0.0240,265.3696,265.9680
NVIDIA B200,80,8,4,11,nvlink,5,0.3700,0.0015,0.0061,23.8720,24.4608
NVIDIA B200,80,8,4,11,pcie,16,0.4800,0.0015,0.0061,30.9120,31.5008
NVIDIA B200,80,8,4,11,loopback,25.2,0.5750,0.0015,0.0061,36.9920,37.5808
NVIDIA B200,80,8,4,11,dc,50,0.8140,0.0015,0.0061,52.2880,52.8768
NVIDIA B200,80,8,4,11,wan,2000,20.3290,0.0015,0.0061,1301.2480,1301.8368
NVIDIA B200,128,2,128,11,nvlink,5,0.2130,0.0203,0.0952,1.0144,1.6136
NVIDIA B200,128,2,128,11,pcie,16,0.2680,0.0203,0.0952,1.2344,1.8336
NVIDIA B200,128,2,128,11,loopback,25.2,0.3140,0.0203,0.0952,1.4184,2.0176
NVIDIA B200,128,2,128,11,dc,50,0.4340,0.0203,0.0952,1.8984,2.4976
NVIDIA B200,128,2,128,11,wan,2000,10.1890,0.0203,0.0952,40.9184,41.5176
NVIDIA B200,128,4,16,11,nvlink,5,0.6110,0.0053,0.0240,9.9456,10.5440
NVIDIA B200,128,4,16,11,pcie,16,0.7000,0.0053,0.0240,11.3696,11.9680
NVIDIA B200,128,4,16,11,loopback,25.2,0.7740,0.0053,0.0240,12.5536,13.1520
NVIDIA B200,128,4,16,11,dc,50,0.9730,0.0053,0.0240,15.7376,16.3360
NVIDIA B200,128,4,16,11,wan,2000,16.5740,0.0053,0.0240,265.3536,265.9520
NVIDIA B200,128,8,8,11,nvlink,5,0.3470,0.0015,0.0061,22.4000,22.9888
NVIDIA B200,128,8,8,11,pcie,16,0.4410,0.0015,0.0061,28.4160,29.0048
NVIDIA B200,128,8,8,11,loopback,25.2,0.5220,0.0015,0.0061,33.6000,34.1888
NVIDIA B200,128,8,8,11,dc,50,0.7490,0.0015,0.0061,48.1280,48.7168
NVIDIA B200,128,8,8,11,wan,2000,18.3000,0.0015,0.0061,1171.3920,1171.9808
NVIDIA B200,80,2,64,12,nvlink,5,0.2530,0.0228,0.0966,1.1944,1.7848
NVIDIA B200,80,2,64,12,pcie,16,0.3360,0.0228,0.0966,1.5264,2.1168
NVIDIA B200,80,2,64,12,loopback,25.2,0.4010,0.0228,0.0966,1.7864,2.3768
NVIDIA B200,80,2,64,12,dc,50,0.5820,0.0228,0.0966,2.5104,3.1008
NVIDIA B200,80,2,64,12,wan,2000,14.2320,0.0228,0.0966,57.1104,57.7008
NVIDIA B200,80,4,16,12,nvlink,5,0.6810,0.0058,0.0243,11.0816,11.6736
NVIDIA B200,80,4,16,12,pcie,16,0.7840,0.0058,0.0243,12.7296,13.3216
NVIDIA B200,80,4,16,12,loopback,25.2,0.8660,0.0058,0.0243,14.0416,14.6336
NVIDIA B200,80,4,16,12,dc,50,1.0800,0.0058,0.0243,17.4656,18.0576
NVIDIA B200,80,4,16,12,wan,2000,18.6290,0.0058,0.0243,298.2496,298.8416
NVIDIA B200,80,8,4,12,nvlink,5,0.4090,0.0018,0.0063,26.4064,26.9824
NVIDIA B200,80,8,4,12,pcie,16,0.5230,0.0018,0.0063,33.7024,34.2784
NVIDIA B200,80,8,4,12,loopback,25.2,0.6220,0.0018,0.0063,40.0384,40.6144
NVIDIA B200,80,8,4,12,dc,50,0.9200,0.0018,0.0063,59.1104,59.6864
NVIDIA B200,80,8,4,12,wan,2000,22.3510,0.0018,0.0063,1430.6944,1431.2704
NVIDIA B200,128,2,128,12,nvlink,5,0.2400,0.0228,0.0966,1.1424,1.7328
NVIDIA B200,128,2,128,12,pcie,16,0.3040,0.0228,0.0966,1.3984,1.9888
NVIDIA B200,128,2,128,12,loopback,25.2,0.3610,0.0228,0.0966,1.6264,2.2168
NVIDIA B200,128,2,128,12,dc,50,0.5020,0.0228,0.0966,2.1904,2.7808
NVIDIA B200,128,2,128,12,wan,2000,12.2100,0.0228,0.0966,49.0224,49.6128
NVIDIA B200,128,4,16,12,nvlink,5,0.6790,0.0058,0.0243,11.0496,11.6416
NVIDIA B200,128,4,16,12,pcie,16,0.7780,0.0058,0.0243,12.6336,13.2256
NVIDIA B200,128,4,16,12,loopback,25.2,0.8560,0.0058,0.0243,13.8816,14.4736
NVIDIA B200,128,4,16,12,dc,50,1.0800,0.0058,0.0243,17.4656,18.0576
NVIDIA B200,128,4,16,12,wan,2000,18.6420,0.0058,0.0243,298.4576,299.0496
NVIDIA B200,128,8,8,12,nvlink,5,0.3740,0.0018,0.0063,24.1664,24.7424
NVIDIA B200,128,8,8,12,pcie,16,0.4850,0.0018,0.0063,31.2704,31.8464
NVIDIA B200,128,8,8,12,loopback,25.2,0.5740,0.0018,0.0063,36.9664,37.5424
NVIDIA B200,128,8,8,12,dc,50,0.8220,0.0018,0.0063,52.8384,53.4144
NVIDIA B200,128,8,8,12,wan,2000,20.3210,0.0018,0.0063,1300.7744,1301.3504
NVIDIA B200,80,2,64,13,nvlink,5,0.2970,0.0247,0.0967,1.3856,1.9616
NVIDIA B200,80,2,64,13,pcie,16,0.3820,0.0247,0.0967,1.7256,2.3016
NVIDIA B200,80,2,64,13,loopback,25.2,0.4560,0.0247,0.0967,2.0216,2.5976
NVIDIA B200,80,2,64,13,dc,50,0.6510,0.0247,0.0967,2.8016,3.3776
NVIDIA B200,80,2,64,13,wan,2000,16.2540,0.0247,0.0967,65.2136,65.7896
NVIDIA B200,80,4,16,13,nvlink,5,0.7490,0.0068,0.0247,12.2016,12.7744
NVIDIA B200,80,4,16,13,pcie,16,0.8640,0.0068,0.0247,14.0416,14.6144
NVIDIA B200,80,4,16,13,loopback,25.2,0.9500,0.0068,0.0247,15.4176,15.9904
NVIDIA B200,80,4,16,13,dc,50,1.1980,0.0068,0.0247,19.3856,19.9584
NVIDIA B200,80,4,16,13,wan,2000,20.7020,0.0068,0.0247,331.4496,332.0224
NVIDIA B200,80,8,4,13,nvlink,5,0.4400,0.0026,0.0073,28.4928,29.0944
NVIDIA B200,80,8,4,13,pcie,16,0.5730,0.0026,0.0073,37.0048,37.6064
NVIDIA B200,80,8,4,13,loopback,25.2,0.6720,0.0026,0.0073,43.3408,43.9424
NVIDIA B200,80,8,4,13,dc,50,0.9900,0.0026,0.0073,63.6928,64.2944
NVIDIA B200,80,8,4,13,wan,2000,24.3800,0.0026,0.0073,1560.6528,1561.2544
NVIDIA B200,128,2,128,13,nvlink,5,0.2690,0.0247,0.0967,1.2736,1.8496
NVIDIA B200,128,2,128,13,pcie,16,0.3440,0.0247,0.0967,1.5736,2.1496
NVIDIA B200,128,2,128,13,loopback,25.2,0.4070,0.0247,0.0967,1.8256,2.4016
NVIDIA B200,128,2,128,13,dc,50,0.5850,0.0247,0.0967,2.5376,3.1136
NVIDIA B200,128,2,128,13,wan,2000,14.2340,0.0247,0.0967,57.1336,57.7096
NVIDIA B200,128,4,16,13,nvlink,5,0.7460,0.0068,0.0247,12.1536,12.7264
NVIDIA B200,128,4,16,13,pcie,16,0.8630,0.0068,0.0247,14.0256,14.5984
NVIDIA B200,128,4,16,13,loopback,25.2,0.9460,0.0068,0.0247,15.3536,15.9264
NVIDIA B200,128,4,16,13,dc,50,1.1960,0.0068,0.0247,19.3536,19.9264
NVIDIA B200,128,4,16,13,wan,2000,20.7010,0.0068,0.0247,331.4336,332.0064
NVIDIA B200,128,8,8,13,nvlink,5,0.4100,0.0026,0.0073,26.5728,27.1744
NVIDIA B200,128,8,8,13,pcie,16,0.5260,0.0026,0.0073,33.9968,34.5984
NVIDIA B200,128,8,8,13,loopback,25.2,0.6260,0.0026,0.0073,40.3968,40.9984
NVIDIA B200,128,8,8,13,dc,50,0.9060,0.0026,0.0073,58.3168,58.9184
NVIDIA B200,128,8,8,13,wan,2000,22.3570,0.0026,0.0073,1431.1808,1431.7824
NVIDIA B200,80,2,64,14,nvlink,5,0.3290,0.0268,0.0973,1.5304,2.0944
NVIDIA B200,80,2,64,14,pcie,16,0.4270,0.0268,0.0973,1.9224,2.4864
NVIDIA B200,80,2,64,14,loopback,25.2,0.5130,0.0268,0.0973,2.2664,2.8304
NVIDIA B200,80,2,64,14,dc,50,0.7310,0.0268,0.0973,3.1384,3.7024
NVIDIA B200,80,2,64,14,wan,2000,18.2810,0.0268,0.0973,73.3384,73.9024
NVIDIA B200,80,4,16,14,nvlink,5,0.8190,0.0085,0.0257,13.3760,13.9264
NVIDIA B200,80,4,16,14,pcie,16,0.9390,0.0085,0.0257,15.2960,15.8464
NVIDIA B200,80,4,16,14,loopback,25.2,1.0380,0.0085,0.0257,16.8800,17.4304
NVIDIA B200,80,4,16,14,dc,50,1.3110,0.0085,0.0257,21.2480,21.7984
NVIDIA B200,80,4,16,14,wan,2000,22.7690,0.0085,0.0257,364.5760,365.1264
NVIDIA B200,80,8,4,14,nvlink,5,0.5010,0.0042,0.0088,32.6016,33.1904
NVIDIA B200,80,8,4,14,pcie,16,0.6470,0.0042,0.0088,41.9456,42.5344
NVIDIA B200,80,8,4,14,loopback,25.2,0.7620,0.0042,0.0088,49.3056,49.8944
NVIDIA B200,80,8,4,14,dc,50,1.0880,0.0042,0.0088,70.1696,70.7584
NVIDIA B200,80,8,4,14,wan,2000,26.4400,0.0042,0.0088,1692.6976,1693.2864
NVIDIA B200,128,2,128,14,nvlink,5,0.2980,0.0268,0.0973,1.4064,1.9704
NVIDIA B200,128,2,128,14,pcie,16,0.3770,0.0268,0.0973,1.7224,2.2864
NVIDIA B200,128,2,128,14,loopback,25.2,0.4630,0.0268,0.0973,2.0664,2.6304
NVIDIA B200,128,2,128,14,dc,50,0.6620,0.0268,0.0973,2.8624,3.4264
NVIDIA B200,128,2,128,14,wan,2000,16.2570,0.0268,0.0973,65.2424,65.8064
NVIDIA B200,128,4,16,14,nvlink,5,0.8200,0.0085,0.0257,13.3920,13.9424
NVIDIA B200,128,4,16,14,pcie,16,0.9370,0.0085,0.0257,15.2640,15.8144
NVIDIA B200,128,4,16,14,loopback,25.2,1.0440,0.0085,0.0257,16.9760,17.5264
NVIDIA B200,128,4,16,14,dc,50,1.3100,0.0085,0.0257,21.2320,21.7824
NVIDIA B200,128,4,16,14,wan,2000,22.7630,0.0085,0.0257,364.4800,365.0304
NVIDIA B200,128,8,8,14,nvlink,5,0.4510,0.0042,0.0088,29.4016,29.9904
NVIDIA B200,128,8,8,14,pcie,16,0.5780,0.0042,0.0088,37.5296,38.1184
NVIDIA B200,128,8,8,14,loopback,25.2,0.6900,0.0042,0.0088,44.6976,45.2864
NVIDIA B200,128,8,8,14,dc,50,0.9870,0.0042,0.0088,63.7056,64.2944
NVIDIA B200,128,8,8,14,wan,2000,24.3860,0.0042,0.0088,1561.2416,1561.8304
NVIDIA B200,80,2,64,15,nvlink,5,0.3610,0.0313,0.0987,1.6944,2.2336
NVIDIA B200,80,2,64,15,pcie,16,0.4720,0.0313,0.0987,2.1384,2.6776
NVIDIA B200,80,2,64,15,loopback,25.2,0.5630,0.0313,0.0987,2.5024,3.0416
NVIDIA B200,80,2,64,15,dc,50,0.8110,0.0313,0.0987,3.4944,4.0336
NVIDIA B200,80,2,64,15,wan,2000,20.3120,0.0313,0.0987,81.4984,82.0376
NVIDIA B200,80,4,16,15,nvlink,5,0.9020,0.0118,0.0292,14.8096,15.3664
NVIDIA B200,80,4,16,15,pcie,16,1.0150,0.0118,0.0292,16.6176,17.1744
NVIDIA B200,80,4,16,15,loopback,25.2,1.1410,0.0118,0.0292,18.6336,19.1904
NVIDIA B200,80,4,16,15,dc,50,1.4310,0.0118,0.0292,23.2736,23.8304
NVIDIA B200,80,4,16,15,wan,2000,24.8490,0.0118,0.0292,397.9616,398.5184
NVIDIA B200,80,8,4,15,nvlink,5,0.5820,0.0075,0.0120,38.2080,38.7840
NVIDIA B200,80,8,4,15,pcie,16,0.7310,0.0075,0.0120,47.7440,48.3200
NVIDIA B200,80,8,4,15,loopback,25.2,0.8640,0.0075,0.0120,56.2560,56.8320
NVIDIA B200,80,8,4,15,dc,50,1.2170,0.0075,0.0120,78.8480,79.4240
NVIDIA B200,80,8,4,15,wan,2000,28.5190,0.0075,0.0120,1826.1760,1826.7520
NVIDIA B200,128,2,128,15,nvlink,5,0.3340,0.0313,0.0987,1.5864,2.1256
NVIDIA B200,128,2,128,15,pcie,16,0.4340,0.0313,0.0987,1.9864,2.5256
NVIDIA B200,128,2,128,15,loopback,25.2,0.5180,0.0313,0.0987,2.3224,2.8616
NVIDIA B200,128,2,128,15,dc,50,0.7400,0.0313,0.0987,3.2104,3.7496
NVIDIA B200,128,2,128,15,wan,2000,18.2900,0.0313,0.0987,73.4104,73.9496
NVIDIA B200,128,4,16,15,nvlink,5,0.8920,0.0118,0.0292,14.6496,15.2064
NVIDIA B200,128,4,16,15,pcie,16,1.0330,0.0118,0.0292,16.9056,17.4624
NVIDIA B200,128,4,16,15,loopback,25.2,1.1390,0.0118,0.0292,18.6016,19.1584
NVIDIA B200,128,4,16,15,dc,50,1.4440,0.0118,0.0292,23.4816,24.0384
NVIDIA B200,128,4,16,15,wan,2000,24.8360,0.0118,0.0292,397.7536,398.3104
NVIDIA B200,128,8,8,15,nvlink,5,0.5070,0.0075,0.0120,33.4080,33.9840
NVIDIA B200,128,8,8,15,pcie,16,0.6520,0.0075,0.0120,42.6880,43.2640
NVIDIA B200,128,8,8,15,loopback,25.2,0.7730,0.0075,0.0120,50.4320,51.0080
NVIDIA B200,128,8,8,15,dc,50,1.0970,0.0075,0.0120,71.1680,71.7440
NVIDIA B200,128,8,8,15,wan,2000,26.4480,0.0075,0.0120,1693.6320,1694.2080
NVIDIA B200,80,2,64,16,nvlink,5,0.4060,0.0389,0.1044,1.9352,2.4592
NVIDIA B200,80,2,64,16,pcie,16,0.5300,0.0389,0.1044,2.4312,2.9552
NVIDIA B200,80,2,64,16,loopback,25.2,0.6280,0.0389,0.1044,2.8232,3.3472
NVIDIA B200,80,2,64,16,dc,50,0.8960,0.0389,0.1044,3.8952,4.4192
NVIDIA B200,80,2,64,16,wan,2000,22.3500,0.0389,0.1044,89.7112,90.2352
NVIDIA B200,80,4,16,16,nvlink,5,0.9810,0.0193,0.0361,16.3136,16.8512
NVIDIA B200,80,4,16,16,pcie,16,1.1270,0.0193,0.0361,18.6496,19.1872
NVIDIA B200,80,4,16,16,loopback,25.2,1.2380,0.0193,0.0361,20.4256,20.9632
NVIDIA B200,80,4,16,16,dc,50,1.5770,0.0193,0.0361,25.8496,26.3872
NVIDIA B200,80,4,16,16,wan,2000,26.9280,0.0193,0.0361,431.4656,432.0032
NVIDIA B200,80,8,4,16,nvlink,5,0.0000,0.0142,0.0187,1.8176,2.3936
NVIDIA B200,80,8,4,16,pcie,16,0.0000,0.0142,0.0187,1.8176,2.3936
NVIDIA B200,80,8,4,16,loopback,25.2,0.0000,0.0142,0.0187,1.8176,2.3936
NVIDIA B200,80,8,4,16,dc,50,0.0000,0.0142,0.0187,1.8176,2.3936
NVIDIA B200,80,8,4,16,wan,2000,0.0000,0.0142,0.0187,1.8176,2.3936
NVIDIA B200,128,2,128,16,nvlink,5,0.3770,0.0389,0.1044,1.8192,2.3432
NVIDIA B200,128,2,128,16,pcie,16,0.4870,0.0389,0.1044,2.2592,2.7832
NVIDIA B200,128,2,128,16,loopback,25.2,0.5790,0.0389,0.1044,2.6272,3.1512
NVIDIA B200,128,2,128,16,dc,50,0.8270,0.0389,0.1044,3.6192,4.1432
NVIDIA B200,128,2,128,16,wan,2000,20.3320,0.0389,0.1044,81.6392,82.1632
NVIDIA B200,128,4,16,16,nvlink,5,0.9880,0.0193,0.0361,16.4256,16.9632
NVIDIA B200,128,4,16,16,pcie,16,1.1300,0.0193,0.0361,18.6976,19.2352
NVIDIA B200,128,4,16,16,loopback,25.2,1.2540,0.0193,0.0361,20.6816,21.2192
NVIDIA B200,128,4,16,16,dc,50,1.5730,0.0193,0.0361,25.7856,26.3232
NVIDIA B200,128,4,16,16,wan,2000,26.9220,0.0193,0.0361,431.3696,431.9072
NVIDIA B200,128,8,8,16,nvlink,5,0.5850,0.0142,0.0187,39.2576,39.8336
NVIDIA B200,128,8,8,16,pcie,16,0.7500,0.0142,0.0187,49.8176,50.3936
NVIDIA B200,128,8,8,16,loopback,25.2,0.8710,0.0142,0.0187,57.5616,58.1376
NVIDIA B200,128,8,8,16,dc,50,1.2170,0.0142,0.0187,79.7056,80.2816
NVIDIA B200,128,8,8,16,wan,2000,28.5190,0.0142,0.0187,1827.0336,1827.6096
NVIDIA B200,80,2,64,17,nvlink,5,0.4640,0.0529,0.1189,2.2792,2.8072
NVIDIA B200,80,2,64,17,pcie,16,0.5930,0.0529,0.1189,2.7952,3.3232
NVIDIA B200,80,2,64,17,loopback,25.2,0.6900,0.0529,0.1189,3.1832,3.7112
NVIDIA B200,80,2,64,17,dc,50,1.0000,0.0529,0.1189,4.4232,4.9512
NVIDIA B200,80,2,64,17,wan,2000,24.4120,0.0529,0.1189,98.0712,98.5992
NVIDIA B200,80,4,16,17,nvlink,5,1.0820,0.0336,0.0501,18.3872,18.9152
NVIDIA B200,80,4,16,17,pcie,16,1.2320,0.0336,0.0501,20.7872,21.3152
NVIDIA B200,80,4,16,17,loopback,25.2,1.3630,0.0336,0.0501,22.8832,23.4112
NVIDIA B200,80,4,16,17,dc,50,1.7100,0.0336,0.0501,28.4352,28.9632
NVIDIA B200,80,4,16,17,wan,2000,29.0200,0.0336,0.0501,465.3952,465.9232
NVIDIA B200,80,8,4,17,nvlink,5,0.0000,0.0295,0.0330,3.7760,4.2240
NVIDIA B200,80,8,4,17,pcie,16,0.0000,0.0295,0.0330,3.7760,4.2240
NVIDIA B200,80,8,4,17,loopback,25.2,0.0000,0.0295,0.0330,3.7760,4.2240
NVIDIA B200,80,8,4,17,dc,50,0.0000,0.0295,0.0330,3.7760,4.2240
NVIDIA B200,80,8,4,17,wan,2000,0.0000,0.0295,0.0330,3.7760,4.2240
NVIDIA B200,128,2,128,17,nvlink,5,0.4330,0.0529,0.1189,2.1552,2.6832
NVIDIA B200,128,2,128,17,pcie,16,0.5540,0.0529,0.1189,2.6392,3.1672
NVIDIA B200,128,2,128,17,loopback,25.2,0.6550,0.0529,0.1189,3.0432,3.5712
NVIDIA B200,128,2,128,17,dc,50,0.9250,0.0529,0.1189,4.1232,4.6512
NVIDIA B200,128,2,128,17,wan,2000,22.3770,0.0529,0.1189,89.9312,90.4592
NVIDIA B200,128,4,16,17,nvlink,5,1.0760,0.0336,0.0501,18.2912,18.8192
NVIDIA B200,128,4,16,17,pcie,16,1.2320,0.0336,0.0501,20.7872,21.3152
NVIDIA B200,128,4,16,17,loopback,25.2,1.3660,0.0336,0.0501,22.9312,23.4592
NVIDIA B200,128,4,16,17,dc,50,1.7050,0.0336,0.0501,28.3552,28.8832
NVIDIA B200,128,4,16,17,wan,2000,29.0060,0.0336,0.0501,465.1712,465.6992
NVIDIA B200,128,8,8,17,nvlink,5,0.7370,0.0295,0.0330,50.9440,51.3920
NVIDIA B200,128,8,8,17,pcie,16,0.8960,0.0295,0.0330,61.1200,61.5680
NVIDIA B200,128,8,8,17,loopback,25.2,1.0330,0.0295,0.0330,69.8880,70.3360
NVIDIA B200,128,8,8,17,dc,50,1.4020,0.0295,0.0330,93.5040,93.9520
NVIDIA B200,128,8,8,17,wan,2000,30.6620,0.0295,0.0330,1966.1440,1966.5920
NVIDIA B200,80,2,64,18,nvlink,5,0.5360,0.0866,0.1512,2.8368,3.3536
NVIDIA B200,80,2,64,18,pcie,16,0.6720,0.0866,0.1512,3.3808,3.8976
NVIDIA B200,80,2,64,18,loopback,25.2,0.7800,0.0866,0.1512,3.8128,4.3296
NVIDIA B200,80,2,64,18,dc,50,1.1030,0.0866,0.1512,5.1048,5.6216
NVIDIA B200,80,2,64,18,wan,2000,26.4660,0.0866,0.1512,106.5568,107.0736
NVIDIA B200,80,4,16,18,nvlink,5,1.1920,0.0634,0.0793,21.1008,21.6096
NVIDIA B200,80,4,16,18,pcie,16,1.3560,0.0634,0.0793,23.7248,24.2336
NVIDIA B200,80,4,16,18,loopback,25.2,1.5000,0.0634,0.0793,26.0288,26.5376
NVIDIA B200,80,4,16,18,dc,50,1.8750,0.0634,0.0793,32.0288,32.5376
NVIDIA B200,80,4,16,18,wan,2000,31.1020,0.0634,0.0793,499.6608,500.1696
NVIDIA B200,80,8,4,18,nvlink,5,0.0000,0.0604,0.0628,7.7312,8.0384
NVIDIA B200,80,8,4,18,pcie,16,0.0000,0.0604,0.0628,7.7312,8.0384
NVIDIA B200,80,8,4,18,loopback,25.2,0.0000,0.0604,0.0628,7.7312,8.0384
NVIDIA B200,80,8,4,18,dc,50,0.0000,0.0604,0.0628,7.7312,8.0384
NVIDIA B200,80,8,4,18,wan,2000,0.0000,0.0604,0.0628,7.7312,8.0384
NVIDIA B200,128,2,128,18,nvlink,5,0.4940,0.0866,0.1512,2.6688,3.1856
NVIDIA B200,128,2,128,18,pcie,16,0.6360,0.0866,0.1512,3.2368,3.7536
NVIDIA B200,128,2,128,18,loopback,25.2,0.7520,0.0866,0.1512,3.7008,4.2176
NVIDIA B200,128,2,128,18,dc,50,1.0480,0.0866,0.1512,4.8848,5.4016
NVIDIA B200,128,2,128,18,wan,2000,24.4400,0.0866,0.1512,98.4528,98.9696
NVIDIA B200,128,4,16,18,nvlink,5,1.1950,0.0634,0.0793,21.1488,21.6576
NVIDIA B200,128,4,16,18,pcie,16,1.3630,0.0634,0.0793,23.8368,24.3456
NVIDIA B200,128,4,16,18,loopback,25.2,1.4960,0.0634,0.0793,25.9648,26.4736
NVIDIA B200,128,4,16,18,dc,50,1.8740,0.0634,0.0793,32.0128,32.5216
NVIDIA B200,128,4,16,18,wan,2000,31.1370,0.0634,0.0793,500.2208,500.7296
NVIDIA B200,128,8,8,18,nvlink,5,0.9460,0.0604,0.0628,68.2752,68.5824
NVIDIA B200,128,8,8,18,pcie,16,1.1350,0.0604,0.0628,80.3712,80.6784
NVIDIA B200,128,8,8,18,loopback,25.2,1.2830,0.0604,0.0628,89.8432,90.1504
NVIDIA B200,128,8,8,18,dc,50,1.6780,0.0604,0.0628,115.1232,115.4304
NVIDIA B200,128,8,8,18,wan,2000,32.8830,0.0604,0.0628,2112.2432,2112.5504
NVIDIA B200,80,2,64,19,nvlink,5,0.6390,0.1493,0.2032,3.7504,4.1816
NVIDIA B200,80,2,64,19,pcie,16,0.7880,0.1493,0.2032,4.3464,4.7776
NVIDIA B200,80,2,64,19,loopback,25.2,0.9250,0.1493,0.2032,4.8944,5.3256
NVIDIA B200,80,2,64,19,dc,50,1.2720,0.1493,0.2032,6.2824,6.7136
NVIDIA B200,80,2,64,19,wan,2000,28.5710,0.1493,0.2032,115.4784,115.9096
NVIDIA B200,80,4,16,19,nvlink,5,1.3830,0.1312,0.1351,26.3264,26.4512
NVIDIA B200,80,4,16,19,pcie,16,1.5580,0.1312,0.1351,29.1264,29.2512
NVIDIA B200,80,4,16,19,loopback,25.2,1.6960,0.1312,0.1351,31.3344,31.4592
NVIDIA B200,80,4,16,19,dc,50,2.0890,0.1312,0.1351,37.6224,37.7472
NVIDIA B200,80,4,16,19,wan,2000,33.3160,0.1312,0.1351,537.2544,537.3792
NVIDIA B200,80,8,4,19,nvlink,5,0.0000,0.1241,0.1177,15.8848,15.0656
NVIDIA B200,80,8,4,19,pcie,16,0.0000,0.1241,0.1177,15.8848,15.0656
NVIDIA B200,80,8,4,19,loopback,25.2,0.0000,0.1241,0.1177,15.8848,15.0656
NVIDIA B200,80,8,4,19,dc,50,0.0000,0.1241,0.1177,15.8848,15.0656
NVIDIA B200,80,8,4,19,wan,2000,0.0000,0.1241,0.1177,15.8848,15.0656
NVIDIA B200,128,2,128,19,nvlink,5,0.6250,0.1493,0.2032,3.6944,4.1256
NVIDIA B200,128,2,128,19,pcie,16,0.7600,0.1493,0.2032,4.2344,4.6656
NVIDIA B200,128,2,128,19,loopback,25.2,0.8360,0.1493,0.2032,4.5384,4.9696
NVIDIA B200,128,2,128,19,dc,50,1.2110,0.1493,0.2032,6.0384,6.4696
NVIDIA B200,128,2,128,19,wan,2000,26.5520,0.1493,0.2032,107.4024,107.8336
NVIDIA B200,128,4,16,19,nvlink,5,1.3870,0.1312,0.1351,26.3904,26.5152
NVIDIA B200,128,4,16,19,pcie,16,1.5520,0.1312,0.1351,29.0304,29.1552
NVIDIA B200,128,4,16,19,loopback,25.2,1.7090,0.1312,0.1351,31.5424,31.6672
NVIDIA B200,128,4,16,19,dc,50,2.1140,0.1312,0.1351,38.0224,38.1472
NVIDIA B200,128,4,16,19,wan,2000,33.3010,0.1312,0.1351,537.0144,537.1392
NVIDIA B200,128,8,8,19,nvlink,5,1.4030,0.1241,0.1177,105.6768,104.8576
NVIDIA B200,128,8,8,19,pcie,16,1.5800,0.1241,0.1177,117.0048,116.1856
NVIDIA B200,128,8,8,19,loopback,25.2,1.7250,0.1241,0.1177,126.2848,125.4656
NVIDIA B200,128,8,8,19,dc,50,2.1650,0.1241,0.1177,154.4448,153.6256
NVIDIA B200,128,8,8,19,wan,2000,35.3200,0.1241,0.1177,2276.3648,2275.5456
NVIDIA B200,80,2,64,20,nvlink,5,0.8400,0.2805,0.3098,5.6040,5.8384
NVIDIA B200,80,2,64,20,pcie,16,1.0310,0.2805,0.3098,6.3680,6.6024
NVIDIA B200,80,2,64,20,loopback,25.2,1.1600,0.2805,0.3098,6.8840,7.1184
NVIDIA B200,80,2,64,20,dc,50,1.5370,0.2805,0.3098,8.3920,8.6264
NVIDIA B200,80,2,64,20,wan,2000,30.7890,0.2805,0.3098,125.4000,125.6344
NVIDIA B200,80,4,16,20,nvlink,5,1.6690,0.2671,0.2479,35.2512,34.6368
NVIDIA B200,80,4,16,20,pcie,16,1.8830,0.2671,0.2479,38.6752,38.0608
NVIDIA B200,80,4,16,20,loopback,25.2,2.0510,0.2671,0.2479,41.3632,40.7488
NVIDIA B200,80,4,16,20,dc,50,2.4710,0.2671,0.2479,48.0832,47.4688
NVIDIA B200,80,4,16,20,wan,2000,35.6370,0.2671,0.2479,578.7392,578.1248
NVIDIA B200,80,8,4,20,nvlink,5,0.0000,0.0000,0.0000,0.0000,0.0000
NVIDIA B200,80,8,4,20,pcie,16,0.0000,0.0000,0.0000,0.0000,0.0000
NVIDIA B200,80,8,4,20,loopback,25.2,0.0000,0.0000,0.0000,0.0000,0.0000
NVIDIA B200,80,8,4,20,dc,50,0.0000,0.0000,0.0000,0.0000,0.0000
NVIDIA B200,80,8,4,20,wan,2000,0.0000,0.0000,0.0000,0.0000,0.0000
NVIDIA B200,128,2,128,20,nvlink,5,0.8290,0.2805,0.3098,5.5600,5.7944
NVIDIA B200,128,2,128,20,pcie,16,0.9770,0.2805,0.3098,6.1520,6.3864
NVIDIA B200,128,2,128,20,loopback,25.2,1.0950,0.2805,0.3098,6.6240,6.8584
NVIDIA B200,128,2,128,20,dc,50,1.4600,0.2805,0.3098,8.0840,8.3184
NVIDIA B200,128,2,128,20,wan,2000,28.7760,0.2805,0.3098,117.3480,117.5824
NVIDIA B200,128,4,16,20,nvlink,5,1.7110,0.2671,0.2479,35.9232,35.3088
NVIDIA B200,128,4,16,20,pcie,16,1.9020,0.2671,0.2479,38.9792,38.3648
NVIDIA B200,128,4,16,20,loopback,25.2,2.0670,0.2671,0.2479,41.6192,41.0048
NVIDIA B200,128,4,16,20,dc,50,2.4570,0.2671,0.2479,47.8592,47.2448
NVIDIA B200,128,4,16,20,wan,2000,35.6160,0.2671,0.2479,578.4032,577.7888
NVIDIA B200,128,8,8,20,nvlink,5,2.2490,0.0000,0.0000,143.9360,143.9360
NVIDIA B200,128,8,8,20,pcie,16,2.4130,0.0000,0.0000,154.4320,154.4320
NVIDIA B200,128,8,8,20,loopback,25.2,2.5690,0.0000,0.0000,164.4160,164.4160
NVIDIA B200,128,8,8,20,dc,50,3.0460,0.0000,0.0000,194.9440,194.9440
NVIDIA B200,128,8,8,20,wan,2000,38.1620,0.0000,0.0000,2442.3680,2442.3680
NVIDIA B200,80,2,64,21,nvlink,5,1.2650,0.5781,0.5626,9.6848,9.5608
NVIDIA B200,80,2,64,21,pcie,16,1.3860,0.5781,0.5626,10.1688,10.0448
NVIDIA B200,80,2,64,21,loopback,25.2,1.5520,0.5781,0.5626,10.8328,10.7088
NVIDIA B200,80,2,64,21,dc,50,2.0040,0.5781,0.5626,12.6408,12.5168
NVIDIA B200,80,2,64,21,wan,2000,33.1140,0.5781,0.5626,137.0808,136.9568
NVIDIA B200,80,4,16,21,nvlink,5,2.2290,0.5456,0.4855,53.1232,51.2000
NVIDIA B200,80,4,16,21,pcie,16,2.4250,0.5456,0.4855,56.2592,54.3360
NVIDIA B200,80,4,16,21,loopback,25.2,2.6140,0.5456,0.4855,59.2832,57.3600
NVIDIA B200,80,4,16,21,dc,50,3.0880,0.5456,0.4855,66.8672,64.9440
NVIDIA B200,80,4,16,21,wan,2000,38.2440,0.5456,0.4855,629.3632,627.4400
NVIDIA B200,80,8,4,21,nvlink,5,0.0000,0.0000,0.0000,0.0000,0.0000
NVIDIA B200,80,8,4,21,pcie,16,0.0000,0.0000,0.0000,0.0000,0.0000
NVIDIA B200,80,8,4,21,loopback,25.2,0.0000,0.0000,0.0000,0.0000,0.0000
NVIDIA B200,80,8,4,21,dc,50,0.0000,0.0000,0.0000,0.0000,0.0000
NVIDIA B200,80,8,4,21,wan,2000,0.0000,0.0000,0.0000,0.0000,0.0000
NVIDIA B200,128,2,128,21,nvlink,5,1.1710,0.5781,0.5626,9.3088,9.1848
NVIDIA B200,128,2,128,21,pcie,16,1.3200,0.5781,0.5626,9.9048,9.7808
NVIDIA B200,128,2,128,21,loopback,25.2,1.5240,0.5781,0.5626,10.7208,10.5968
NVIDIA B200,128,2,128,21,dc,50,1.8900,0.5781,0.5626,12.1848,12.0608
NVIDIA B200,128,2,128,21,wan,2000,31.1380,0.5781,0.5626,129.1768,129.0528
NVIDIA B200,128,4,16,21,nvlink,5,2.2850,0.5456,0.4855,54.0192,52.0960
NVIDIA B200,128,4,16,21,pcie,16,2.4210,0.5456,0.4855,56.1952,54.2720
NVIDIA B200,128,4,16,21,loopback,25.2,2.6460,0.5456,0.4855,59.7952,57.8720
NVIDIA B200,128,4,16,21,dc,50,3.0670,0.5456,0.4855,66.5312,64.6080
NVIDIA B200,128,4,16,21,wan,2000,38.2020,0.5456,0.4855,628.6912,626.7680
NVIDIA B200,128,8,8,21,nvlink,5,3.7820,0.0000,0.0000,242.0480,242.0480
NVIDIA B200,128,8,8,21,pcie,16,3.9190,0.0000,0.0000,250.8160,250.8160
NVIDIA B200,128,8,8,21,loopback,25.2,4.1230,0.0000,0.0000,263.8720,263.8720
NVIDIA B200,128,8,8,21,dc,50,4.6160,0.0000,0.0000,295.4240,295.4240
NVIDIA B200,128,8,8,21,wan,2000,41.7170,0.0000,0.0000,2669.8880,2669.8880
NVIDIA B200,80,2,64,22,nvlink,5,2.0420,1.1720,1.0731,17.5440,16.7528
NVIDIA B200,80,2,64,22,pcie,16,2.1910,1.1720,1.0731,18.1400,17.3488
NVIDIA B200,80,2,64,22,loopback,25.2,2.3780,1.1720,1.0731,18.8880,18.0968
NVIDIA B200,80,2,64,22,dc,50,2.7170,1.1720,1.0731,20.2440,19.4528
NVIDIA B200,80,2,64,22,wan,2000,35.8170,1.1720,1.0731,152.6440,151.8528
NVIDIA B200,80,4,16,22,nvlink,5,3.3550,1.1272,0.9832,89.7504,85.1424
NVIDIA B200,80,4,16,22,pcie,16,3.5630,1.1272,0.9832,93.0784,88.4704
NVIDIA B200,80,4,16,22,loopback,25.2,3.7380,1.1272,0.9832,95.8784,91.2704
NVIDIA B200,80,4,16,22,dc,50,4.2460,1.1272,0.9832,104.0064,99.3984
NVIDIA B200,80,4,16,22,wan,2000,41.1840,1.1272,0.9832,695.0144,690.4064
NVIDIA B200,80,8,4,22,nvlink,5,11.3130,0.0000,0.0000,724.0320,724.0320
NVIDIA B200,80,8,4,22,pcie,16,11.5940,0.0000,0.0000,742.0160,742.0160
NVIDIA B200,80,8,4,22,loopback,25.2,11.7940,0.0000,0.0000,754.8160,754.8160
NVIDIA B200,80,8,4,22,dc,50,0.0000,0.0000,0.0000,0.0000,0.0000
NVIDIA B200,80,8,4,22,wan,2000,0.0000,0.0000,0.0000,0.0000,0.0000
NVIDIA B200,128,2,128,22,nvlink,5,1.9090,1.1720,1.0731,17.0120,16.2208
NVIDIA B200,128,2,128,22,pcie,16,2.1340,1.1720,1.0731,17.9120,17.1208
NVIDIA B200,128,2,128,22,loopback,25.2,2.2730,1.1720,1.0731,18.4680,17.6768
NVIDIA B200,128,2,128,22,dc,50,2.5640,1.1720,1.0731,19.6320,18.8408
NVIDIA B200,128,2,128,22,wan,2000,33.7980,1.1720,1.0731,144.5680,143.7768
NVIDIA B200,128,4,16,22,nvlink,5,3.3360,1.1272,0.9832,89.4464,84.8384
NVIDIA B200,128,4,16,22,pcie,16,3.5670,1.1272,0.9832,93.1424,88.5344
NVIDIA B200,128,4,16,22,loopback,25.2,3.6260,1.1272,0.9832,94.0864,89.4784
NVIDIA B200,128,4,16,22,dc,50,4.1910,1.1272,0.9832,103.1264,98.5184
NVIDIA B200,128,4,16,22,wan,2000,41.2210,1.1272,0.9832,695.6064,690.9984
NVIDIA B200,128,8,8,22,nvlink,5,6.7950,0.0000,0.0000,434.8800,434.8800
NVIDIA B200,128,8,8,22,pcie,16,6.9710,0.0000,0.0000,446.1440,446.1440
NVIDIA B200,128,8,8,22,loopback,25.2,7.2370,0.0000,0.0000,463.1680,463.1680
NVIDIA B200,128,8,8,22,dc,50,7.7070,0.0000,0.0000,493.2480,493.2480
NVIDIA B200,128,8,8,22,wan,2000,46.7410,0.0000,0.0000,2991.4240,2991.4240
NVIDIA B200,80,2,64,23,nvlink,5,3.4470,2.3990,2.0915,32.9800,30.5200
NVIDIA B200,80,2,64,23,pcie,16,3.6420,2.3990,2.0915,33.7600,31.3000
NVIDIA B200,80,2,64,23,loopback,25.2,3.8440,2.3990,2.0915,34.5680,32.1080
NVIDIA B200,80,2,64,23,dc,50,4.2900,2.3990,2.0915,36.3520,33.8920
NVIDIA B200,80,2,64,23,wan,2000,39.3750,2.3990,2.0915,176.6920,174.2320
NVIDIA B200,80,4,16,23,nvlink,5,5.3870,0.0000,0.0000,86.1920,86.1920
NVIDIA B200,80,4,16,23,pcie,16,5.6630,0.0000,0.0000,90.6080,90.6080
NVIDIA B200,80,4,16,23,loopback,25.2,5.9270,0.0000,0.0000,94.8320,94.8320
NVIDIA B200,80,4,16,23,dc,50,6.1420,0.0000,0.0000,98.2720,98.2720
NVIDIA B200,80,4,16,23,wan,2000,45.1600,0.0000,0.0000,722.5600,722.5600
NVIDIA B200,80,8,4,23,nvlink,5,0.0000,0.0000,0.0000,0.0000,0.0000
NVIDIA B200,80,8,4,23,pcie,16,0.0000,0.0000,0.0000,0.0000,0.0000
NVIDIA B200,80,8,4,23,loopback,25.2,0.0000,0.0000,0.0000,0.0000,0.0000
NVIDIA B200,80,8,4,23,dc,50,0.0000,0.0000,0.0000,0.0000,0.0000
NVIDIA B200,80,8,4,23,wan,2000,65.7210,0.0000,0.0000,4206.1440,4206.1440
NVIDIA B200,128,2,128,23,nvlink,5,3.1790,2.3990,2.0915,31.9080,29.4480
NVIDIA B200,128,2,128,23,pcie,16,3.4780,2.3990,2.0915,33.1040,30.6440
NVIDIA B200,128,2,128,23,loopback,25.2,3.6410,2.3990,2.0915,33.7560,31.2960
NVIDIA B200,128,2,128,23,dc,50,4.0650,2.3990,2.0915,35.4520,32.9920
NVIDIA B200,128,2,128,23,wan,2000,37.3240,2.3990,2.0915,168.4880,166.0280
NVIDIA B200,128,4,16,23,nvlink,5,5.4210,0.0000,0.0000,86.7360,86.7360
NVIDIA B200,128,4,16,23,pcie,16,5.3970,0.0000,0.0000,86.3520,86.3520
NVIDIA B200,128,4,16,23,loopback,25.2,5.6390,0.0000,0.0000,90.2240,90.2240
NVIDIA B200,128,4,16,23,dc,50,6.1300,0.0000,0.0000,98.0800,98.0800
NVIDIA B200,128,4,16,23,wan,2000,45.1600,0.0000,0.0000,722.5600,722.5600
NVIDIA B200,128,8,8,23,nvlink,5,12.7280,0.0000,0.0000,814.5920,814.5920
NVIDIA B200,128,8,8,23,pcie,16,13.0340,0.0000,0.0000,834.1760,834.1760
NVIDIA B200,128,8,8,23,loopback,25.2,13.2550,0.0000,0.0000,848.3200,848.3200
NVIDIA B200,128,8,8,23,dc,50,13.7020,0.0000,0.0000,876.9280,876.9280
NVIDIA B200,128,8,8,23,wan,2000,54.5560,0.0000,0.0000,3491.5840,3491.5840
NVIDIA B200,80,2,64,24,nvlink,5,6.3690,5.0573,4.1704,65.9344,58.8392
NVIDIA B200,80,2,64,24,pcie,16,6.6480,5.0573,4.1704,67.0504,59.9552
NVIDIA B200,80,2,64,24,loopback,25.2,6.7410,5.0573,4.1704,67.4224,60.3272
NVIDIA B200,80,2,64,24,dc,50,7.3170,5.0573,4.1704,69.7264,62.6312
NVIDIA B200,80,2,64,24,wan,2000,43.9280,5.0573,4.1704,216.1704,209.0752
NVIDIA B200,80,4,16,24,nvlink,5,8.9560,0.0000,0.0000,143.2960,143.2960
NVIDIA B200,80,4,16,24,pcie,16,9.6950,0.0000,0.0000,155.1200,155.1200
NVIDIA B200,80,4,16,24,loopback,25.2,9.3820,0.0000,0.0000,150.1120,150.1120
NVIDIA B200,80,4,16,24,dc,50,9.9430,0.0000,0.0000,159.0880,159.0880
NVIDIA B200,80,4,16,24,wan,2000,50.9600,0.0000,0.0000,815.3600,815.3600
NVIDIA B200,80,8,4,24,nvlink,5,43.0550,0.0000,0.0000,2755.5200,2755.5200
NVIDIA B200,80,8,4,24,pcie,16,0.0000,0.0000,0.0000,0.0000,0.0000
NVIDIA B200,80,8,4,24,loopback,25.2,0.0000,0.0000,0.0000,0.0000,0.0000
NVIDIA B200,80,8,4,24,dc,50,44.1570,0.0000,0.0000,2826.0480,2826.0480
NVIDIA B200,80,8,4,24,wan,2000,0.0000,0.0000,0.0000,0.0000,0.0000
NVIDIA B200,128,2,128,24,nvlink,5,6.0810,5.0573,4.1704,64.7824,57.6872
NVIDIA B200,128,2,128,24,pcie,16,6.3120,5.0573,4.1704,65.7064,58.6112
NVIDIA B200,128,2,128,24,loopback,25.2,6.4490,5.0573,4.1704,66.2544,59.1592
NVIDIA B200,128,2,128,24,dc,50,6.7350,5.0573,4.1704,67.3984,60.3032
NVIDIA B200,128,2,128,24,wan,2000,41.9000,5.0573,4.1704,208.0584,200.9632
NVIDIA B200,128,4,16,24,nvlink,5,9.0360,0.0000,0.0000,144.5760,144.5760
NVIDIA B200,128,4,16,24,pcie,16,9.1570,0.0000,0.0000,146.5120,146.5120
NVIDIA B200,128,4,16,24,loopback,25.2,9.4960,0.0000,0.0000,151.9360,151.9360
NVIDIA B200,128,4,16,24,dc,50,9.9160,0.0000,0.0000,158.6560,158.6560
NVIDIA B200,128,4,16,24,wan,2000,50.9730,0.0000,0.0000,815.5680,815.5680
NVIDIA B200,128,8,8,24,nvlink,5,24.3030,0.0000,0.0000,1555.3920,1555.3920
NVIDIA B200,128,8,8,24,pcie,16,24.8180,0.0000,0.0000,1588.3520,1588.3520
NVIDIA B200,128,8,8,24,loopback,25.2,24.7600,0.0000,0.0000,1584.6400,1584.6400
NVIDIA B200,128,8,8,24,dc,50,25.6450,0.0000,0.0000,1641.2800,1641.2800
NVIDIA B200,128,8,8,24,wan,2000,68.6070,0.0000,0.0000,4390.8480,4390.8480
