gpu,logN,N,batch,backend,ms_per_mul,butterfly_ms,transpose_ms,brev_ms,twiddle_ms,twist_ms,pointwise_ms,status
NVIDIA B200,10,1024,4,square,0.0941,0.0489,0.0371,0.0358,0.0252,0.0130,0.0063,ok
NVIDIA B200,10,1024,4,naive,0.0169,,,,,,,BITEXACT
NVIDIA B200,10,1024,16,square,0.0241,0.0489,0.0373,0.0356,0.0249,0.0206,0.0061,ok
NVIDIA B200,10,1024,16,naive,0.0048,,,,,,,BITEXACT
NVIDIA B200,10,1024,64,square,0.0060,0.0486,0.0369,0.0371,0.0247,0.0161,0.0062,ok
NVIDIA B200,10,1024,64,naive,0.0012,,,,,,,BITEXACT
NVIDIA B200,11,2048,4,square,0.0952,0.0489,0.0370,0.0380,0.0246,0.0147,0.0059,ok
NVIDIA B200,11,2048,4,naive,0.0203,,,,,,,BITEXACT
NVIDIA B200,11,2048,16,square,0.0240,0.0489,0.0375,0.0372,0.0250,0.0200,0.0061,ok
NVIDIA B200,11,2048,16,naive,0.0053,,,,,,,BITEXACT
NVIDIA B200,11,2048,64,square,0.0061,0.0535,0.0371,0.0369,0.0249,0.0162,0.0063,ok
NVIDIA B200,11,2048,64,naive,0.0015,,,,,,,BITEXACT
NVIDIA B200,12,4096,4,square,0.0966,0.0486,0.0380,0.0370,0.0249,0.0214,0.0061,ok
NVIDIA B200,12,4096,4,naive,0.0228,,,,,,,BITEXACT
NVIDIA B200,12,4096,16,square,0.0243,0.0494,0.0379,0.0363,0.0246,0.0212,0.0062,ok
NVIDIA B200,12,4096,16,naive,0.0058,,,,,,,BITEXACT
NVIDIA B200,12,4096,64,square,0.0063,0.0638,0.0392,0.0385,0.0251,0.0170,0.0068,ok
NVIDIA B200,12,4096,64,naive,0.0018,,,,,,,BITEXACT
NVIDIA B200,13,8192,4,square,0.0967,0.0500,0.0358,0.0367,0.0257,0.0209,0.0065,ok
NVIDIA B200,13,8192,4,naive,0.0247,,,,,,,BITEXACT
NVIDIA B200,13,8192,16,square,0.0247,0.0562,0.0371,0.0377,0.0244,0.0170,0.0065,ok
NVIDIA B200,13,8192,16,naive,0.0068,,,,,,,BITEXACT
NVIDIA B200,13,8192,64,square,0.0073,0.0874,0.0504,0.0492,0.0332,0.0203,0.0080,ok
NVIDIA B200,13,8192,64,naive,0.0026,,,,,,,BITEXACT
NVIDIA B200,14,16384,4,square,0.0973,0.0513,0.0385,0.0393,0.0257,0.0219,0.0061,ok
NVIDIA B200,14,16384,4,naive,0.0268,,,,,,,BITEXACT
NVIDIA B200,14,16384,16,square,0.0257,0.0688,0.0390,0.0393,0.0254,0.0167,0.0067,ok
NVIDIA B200,14,16384,16,naive,0.0085,,,,,,,BITEXACT
NVIDIA B200,14,16384,64,square,0.0088,0.1364,0.0681,0.0615,0.0396,0.0287,0.0101,ok
NVIDIA B200,14,16384,64,naive,0.0042,,,,,,,BITEXACT
NVIDIA B200,15,32768,4,square,0.0987,0.0587,0.0385,0.0384,0.0258,0.0168,0.0067,ok
NVIDIA B200,15,32768,4,naive,0.0313,,,,,,,BITEXACT
NVIDIA B200,15,32768,16,square,0.0292,0.0947,0.0504,0.0503,0.0338,0.0214,0.0063,ok
NVIDIA B200,15,32768,16,naive,0.0118,,,,,,,BITEXACT
NVIDIA B200,15,32768,64,square,0.0120,0.2492,0.0989,0.0874,0.0553,0.0402,0.0132,ok
NVIDIA B200,15,32768,64,naive,0.0075,,,,,,,BITEXACT
NVIDIA B200,16,65536,4,square,0.1044,0.0741,0.0447,0.0483,0.0249,0.0165,0.0058,ok
NVIDIA B200,16,65536,4,naive,0.0389,,,,,,,BITEXACT
NVIDIA B200,16,65536,16,square,0.0361,0.1482,0.0742,0.0623,0.0402,0.0294,0.0101,ok
NVIDIA B200,16,65536,16,naive,0.0193,,,,,,,BITEXACT
NVIDIA B200,16,65536,64,square,0.0187,0.4630,0.1786,0.1489,0.0856,0.0693,0.0226,ok
NVIDIA B200,16,65536,64,naive,0.0142,,,,,,,BITEXACT
NVIDIA B200,17,131072,4,square,0.1189,0.1001,0.0496,0.0546,0.0325,0.0216,0.0081,ok
NVIDIA B200,17,131072,4,naive,0.0529,,,,,,,BITEXACT
NVIDIA B200,17,131072,16,square,0.0501,0.2706,0.1014,0.1036,0.0556,0.0405,0.0124,ok
NVIDIA B200,17,131072,16,naive,0.0336,,,,,,,BITEXACT
NVIDIA B200,17,131072,64,square,0.0330,0.9101,0.3562,0.2942,0.1596,0.1264,0.0430,ok
NVIDIA B200,17,131072,64,naive,0.0295,,,,,,,BITEXACT
NVIDIA B200,18,262144,4,square,0.1512,0.1600,0.0721,0.0747,0.0387,0.0278,0.0101,ok
NVIDIA B200,18,262144,4,naive,0.0866,,,,,,,BITEXACT
NVIDIA B200,18,262144,16,square,0.0793,0.5066,0.1776,0.1742,0.0856,0.0695,0.0212,ok
NVIDIA B200,18,262144,16,naive,0.0634,,,,,,,BITEXACT
NVIDIA B200,18,262144,64,square,0.0628,1.8376,0.7007,0.5972,0.3174,0.2517,0.0802,ok
NVIDIA B200,18,262144,64,naive,0.0604,,,,,,,BITEXACT
NVIDIA B200,19,524288,4,square,0.2032,0.2732,0.1013,0.1047,0.0555,0.0414,0.0129,ok
NVIDIA B200,19,524288,4,naive,0.1493,,,,,,,BITEXACT
NVIDIA B200,19,524288,16,square,0.1351,0.9405,0.3570,0.3121,0.1608,0.1264,0.0438,ok
NVIDIA B200,19,524288,16,naive,0.1312,,,,,,,BITEXACT
NVIDIA B200,19,524288,64,square,0.1177,3.5312,1.3500,1.1729,0.6111,0.4840,0.1530,ok
NVIDIA B200,19,524288,64,naive,0.1241,,,,,,,BITEXACT
NVIDIA B200,20,1048576,4,square,0.3098,0.4878,0.1797,0.1737,0.0883,0.0713,0.0212,ok
NVIDIA B200,20,1048576,4,naive,0.2805,,,,,,,BITEXACT
NVIDIA B200,20,1048576,16,square,0.2479,1.7701,0.6934,0.6153,0.3165,0.2521,0.0831,ok
NVIDIA B200,20,1048576,16,naive,0.2671,,,,,,,BITEXACT
NVIDIA B200,20,1048576,64,square,,,,,,,,FAIL
NVIDIA B200,20,1048576,64,naive,,,,,,,,FAIL
NVIDIA B200,21,2097152,4,square,0.5626,0.9920,0.3661,0.3261,0.1700,0.1319,0.0438,ok
NVIDIA B200,21,2097152,4,naive,0.5781,,,,,,,BITEXACT
NVIDIA B200,21,2097152,16,square,0.4855,3.7337,1.3448,1.2161,0.6097,0.4855,0.1534,ok
NVIDIA B200,21,2097152,16,naive,0.5456,,,,,,,BITEXACT
NVIDIA B200,21,2097152,64,square,,,,,,,,FAIL
NVIDIA B200,21,2097152,64,naive,,,,,,,,FAIL
NVIDIA B200,22,4194304,4,square,1.0731,2.0614,0.6970,0.6418,0.3228,0.2563,0.0816,ok
NVIDIA B200,22,4194304,4,naive,1.1720,,,,,,,BITEXACT
NVIDIA B200,22,4194304,16,square,0.9832,7.9433,2.6563,2.4359,1.2083,0.9475,0.3046,ok
NVIDIA B200,22,4194304,16,naive,1.1272,,,,,,,BITEXACT
NVIDIA B200,22,4194304,64,square,,,,,,,,FAIL
NVIDIA B200,22,4194304,64,naive,,,,,,,,FAIL
NVIDIA B200,23,8388608,4,square,2.0915,4.1835,1.3542,1.2797,0.6449,0.5148,0.1523,ok
NVIDIA B200,23,8388608,4,naive,2.3990,,,,,,,BITEXACT
NVIDIA B200,23,8388608,16,square,,,,,,,,FAIL
NVIDIA B200,23,8388608,16,naive,,,,,,,,FAIL
NVIDIA B200,23,8388608,64,square,,,,,,,,FAIL
NVIDIA B200,23,8388608,64,naive,,,,,,,,FAIL
NVIDIA B200,24,16777216,4,square,4.1704,8.5963,2.6726,2.5956,1.2668,1.0040,0.3027,ok
NVIDIA B200,24,16777216,4,naive,5.0573,,,,,,,BITEXACT
NVIDIA B200,24,16777216,16,square,,,,,,,,FAIL
NVIDIA B200,24,16777216,16,naive,,,,,,,,FAIL
NVIDIA B200,24,16777216,64,square,,,,,,,,FAIL
NVIDIA B200,24,16777216,64,naive,,,,,,,,FAIL
