t,B,n,leaves,gb,expand_ms,sums_ms,scatter_ms,total_ms,ns_per_leaf,status
4,16,8,4096,0,0.173,0.019,0.024,0.215,52.5911,ok
4,16,9,8192,0,0.205,0.018,0.024,0.248,30.2786,ok
4,16,10,16384,0,0.225,0.018,0.025,0.268,16.3477,ok
4,16,11,32768,0,0.245,0.018,0.026,0.290,8.8376,ok
4,16,12,65536,0,0.262,0.017,0.030,0.309,4.7174,ok
4,16,13,131072,0,0.288,0.017,0.034,0.340,2.5909,ok
4,16,14,262144,0,0.305,0.021,0.045,0.371,1.4161,ok
4,16,15,524288,0,0.349,0.025,0.075,0.449,0.8562,ok
4,16,16,1048576,0,0.396,0.031,0.129,0.556,0.5304,ok
4,16,17,2097152,0,0.482,0.052,0.191,0.725,0.3458,ok
4,16,18,4194304,0,0.676,0.113,0.347,1.136,0.2708,ok
4,16,19,8388608,0,1.280,0.255,0.674,2.209,0.2633,ok
4,16,20,16777216,0,2.480,0.469,1.252,4.200,0.2503,ok
4,16,21,33554432,0,4.861,0.829,2.743,8.433,0.2513,ok
4,16,22,67108864,1,9.613,1.552,6.310,17.475,0.2604,ok
4,16,23,134217728,2,19.065,3.003,13.167,35.236,0.2625,ok
4,16,24,268435456,4,37.789,5.918,27.943,71.650,0.2669,ok
16,256,8,65536,0,0.206,0.021,0.035,0.262,3.9943,ok
16,256,9,131072,0,0.230,0.021,0.037,0.288,2.1998,ok
16,256,10,262144,0,0.259,0.025,0.048,0.332,1.2675,ok
16,256,11,524288,0,0.297,0.027,0.053,0.377,0.7189,ok
16,256,12,1048576,0,0.349,0.034,0.064,0.448,0.4268,ok
16,256,13,2097152,0,0.425,0.054,0.104,0.583,0.2778,ok
16,256,14,4194304,0,0.625,0.114,0.208,0.948,0.2260,ok
16,256,15,8388608,0,1.229,0.252,0.381,1.862,0.2220,ok
16,256,16,16777216,0,2.433,0.468,0.694,3.594,0.2142,ok
16,256,17,33554432,0,4.850,0.838,1.413,7.101,0.2116,ok
16,256,18,67108864,1,9.586,1.557,2.513,13.656,0.2035,ok
16,256,19,134217728,2,19.009,2.987,6.588,28.584,0.2130,ok
16,256,20,268435456,4,37.732,5.859,13.007,56.597,0.2108,ok
16,256,21,536870912,8,75.177,11.608,26.357,113.141,0.2107,ok
16,256,22,1073741824,16,150.253,23.130,53.802,227.185,0.2116,ok
64,4096,8,1048576,0,1.899,0.062,0.127,2.088,1.9910,ok
64,4096,9,2097152,0,1.862,0.077,0.151,2.090,0.9967,ok
64,4096,10,4194304,0,0.836,0.134,0.150,1.120,0.2671,ok
64,4096,11,8388608,0,1.483,0.274,0.293,2.050,0.2444,ok
64,4096,12,16777216,0,2.734,0.495,0.529,3.757,0.2240,ok
64,4096,13,33554432,0,5.118,0.855,0.976,6.948,0.2071,ok
64,4096,14,67108864,1,9.935,1.582,1.874,13.391,0.1995,ok
64,4096,15,134217728,2,19.480,3.048,3.558,26.086,0.1944,ok
64,4096,16,268435456,4,38.492,5.954,7.098,51.545,0.1920,ok
64,4096,17,536870912,8,76.758,11.798,19.924,108.480,0.2021,ok
64,4096,18,1073741824,16,151.727,23.474,44.653,219.854,0.2048,ok
128,16384,8,4194304,0,10.604,0.199,1.077,11.880,2.8324,ok
128,16384,9,8388608,0,11.939,0.336,0.590,12.866,1.5337,ok
128,16384,10,16777216,0,3.287,0.560,0.492,4.338,0.2586,ok
128,16384,11,33554432,0,5.747,0.915,0.926,7.589,0.2262,ok
128,16384,12,67108864,1,10.585,1.644,1.749,13.978,0.2083,ok
128,16384,13,134217728,2,20.099,3.109,3.387,26.595,0.1981,ok
128,16384,14,268435456,4,39.461,6.007,6.722,52.190,0.1944,ok
128,16384,15,536870912,8,76.956,11.834,13.289,102.079,0.1901,ok
128,16384,16,1073741824,16,153.473,23.548,40.516,217.536,0.2026,ok
