bench_result,[ALICE],1048576,2,64,1,chacha8,cpu,cpu,1,2,88586.8,8.72415,1
bench_result,[BOB],1048576,4,16,1,chacha8,cpu,cpu,1,2,90810.6,193.276,1
bench_result,[BOB],1048576,8,4,1,chacha8,cpu,cpu,1,2,124119,233.737,1
bench_result,[ALICE],1048576,2,128,1,chacha8,cpu,cpu,1,2,190438,344.544,1
bench_result,[BOB],1048576,8,8,1,chacha8,cpu,cpu,1,2,200767,14.1584,1
bench_result,[ALICE],2097152,2,64,1,chacha8,cpu,cpu,1,2,169384,34.653,1
bench_result,[ALICE],2097152,4,16,1,chacha8,cpu,cpu,1,2,181488,58.4144,1
bench_result,[BOB],2097152,8,4,1,chacha8,cpu,cpu,1,2,256521,488.729,1
bench_result,[ALICE],2097152,2,128,1,chacha8,cpu,cpu,1,2,349802,201.456,1
bench_result,[BOB],2097152,8,8,1,chacha8,cpu,cpu,1,2,406286,212.837,1
bench_result,[ALICE],4194304,2,64,1,chacha8,cpu,cpu,0,1,339333,0,1
bench_result,[ALICE],4194304,4,16,1,chacha8,cpu,cpu,0,1,372712,0,1
bench_result,[ALICE],4194304,8,4,1,chacha8,cpu,cpu,0,1,559124,0,1
bench_result,[ALICE],4194304,2,128,1,chacha8,cpu,cpu,0,1,696246,0,1
bench_result,[BOB],4194304,8,8,1,chacha8,cpu,cpu,0,1,864792,0,1
bench_result,[BOB],8388608,2,64,1,chacha8,cpu,cpu,0,1,679836,0,1
bench_result,[BOB],8388608,4,16,1,chacha8,cpu,cpu,0,1,760648,0,1
bench_result,[BOB],8388608,8,4,1,chacha8,cpu,cpu,0,1,1.18802e+06,0,1
bench_result,[BOB],8388608,2,128,1,chacha8,cpu,cpu,0,1,1.3821e+06,0,1
bench_result,[ALICE],8388608,8,8,1,chacha8,cpu,cpu,0,1,1.82926e+06,0,1
bench_result,[BOB],16777216,2,64,1,chacha8,cpu,cpu,0,1,1.3979e+06,0,1
bench_result,[BOB],16777216,4,16,1,chacha8,cpu,cpu,0,1,1.63124e+06,0,1
bench_result,[BOB],16777216,8,4,1,chacha8,cpu,cpu,0,1,2.60508e+06,0,1
bench_result,[BOB],16777216,2,128,1,chacha8,cpu,cpu,0,1,2.79417e+06,0,1
bench_result,[ALICE],16777216,8,8,1,chacha8,cpu,cpu,0,1,3.86659e+06,0,1
