logN,N,batch,naive_ms_per_mul,square_ms_per_mul,speedup_sq_over_naive,vs_4step_check
12,4096,4,0.0237,0.0208,1.14,BITEXACT
12,4096,16,0.0060,0.0056,1.07,BITEXACT
12,4096,64,0.0020,0.0016,1.25,BITEXACT
13,8192,4,0.0235,0.0255,0.92,BITEXACT
13,8192,16,0.0069,0.0050,1.38,BITEXACT
13,8192,64,0.0029,0.0022,1.32,BITEXACT
14,16384,4,0.0275,0.0216,1.27,BITEXACT
14,16384,16,0.0090,0.0064,1.41,BITEXACT
14,16384,64,0.0044,0.0036,1.22,BITEXACT
15,32768,4,0.0322,0.0202,1.59,BITEXACT
15,32768,16,0.0133,0.0096,1.39,BITEXACT
15,32768,64,0.0080,0.0068,1.18,BITEXACT
16,65536,4,0.0420,0.0274,1.53,BITEXACT
16,65536,16,0.0212,0.0162,1.31,BITEXACT
16,65536,64,0.0174,0.0154,1.13,BITEXACT
17,131072,4,0.0625,0.0454,1.38,BITEXACT
17,131072,16,0.0380,0.0348,1.09,BITEXACT
17,131072,64,0.1284,0.0596,2.15,BITEXACT
18,262144,4,0.0994,0.0865,1.15,BITEXACT
18,262144,16,0.0817,0.0874,0.93,BITEXACT
18,262144,64,0.3668,0.1660,2.21,BITEXACT
19,524288,4,0.1784,0.1620,1.10,BITEXACT
19,524288,16,0.5729,0.2580,2.22,BITEXACT
19,524288,64,0.7671,0.3323,2.31,BITEXACT
20,1048576,4,0.3792,0.3852,0.98,BITEXACT
20,1048576,16,1.6171,0.8214,1.97,BITEXACT
20,1048576,64,1.5951,,,BITEXACT
21,2097152,4,2.5316,1.1291,2.24,BITEXACT
21,2097152,16,3.3465,1.4817,2.26,BITEXACT
21,2097152,64,3.3202,,,BITEXACT
22,4194304,4,7.2373,3.4948,2.07,BITEXACT
22,4194304,16,7.1359,3.5026,2.04,BITEXACT
22,4194304,64,7.0416,,,BITEXACT
23,8388608,4,15.7677,7.1969,2.19,BITEXACT
23,8388608,16,15.6358,,,BITEXACT
23,8388608,64,15.6218,,,BITEXACT
24,16777216,4,33.8039,14.5341,2.33,BITEXACT
24,16777216,16,33.5319,,,BITEXACT
24,16777216,64,,,,
