lambda,c,t,logN,n,B,leaves,tier,rtt_us,expand_ms,sums_ms,scatter_ms,total_ms,ns_per_leaf,exchanges,exposed_ms,status
80,2,64,20,15,4096,134217728,nvlink,5,22.451,3.255,3.721,29.428,0.2193,15,0.076,ok
80,2,64,20,15,4096,134217728,pcie,16,19.639,3.038,3.544,26.221,0.1954,15,0.241,ok
80,2,64,20,15,4096,134217728,loopback,25.2,19.783,3.039,3.601,26.424,0.1969,15,0.379,ok
80,2,64,20,15,4096,134217728,dc,50,20.137,3.037,3.549,26.723,0.1991,15,0.751,ok
80,2,64,20,15,4096,134217728,wan,2000,49.386,3.039,3.563,55.989,0.4171,15,30.001,ok
80,2,64,21,16,4096,268435456,nvlink,5,38.580,5.958,7.022,51.560,0.1921,16,0.081,ok
80,2,64,21,16,4096,268435456,pcie,16,38.800,5.959,7.320,52.080,0.1940,16,0.257,ok
80,2,64,21,16,4096,268435456,loopback,25.2,38.956,5.961,7.357,52.274,0.1947,16,0.404,ok
80,2,64,21,16,4096,268435456,dc,50,39.374,5.959,7.355,52.688,0.1963,16,0.803,ok
80,2,64,21,16,4096,268435456,wan,2000,70.575,5.957,7.237,83.769,0.3121,16,32.001,ok
80,2,64,22,17,4096,536870912,nvlink,5,76.737,11.790,20.198,108.725,0.2025,17,0.086,ok
80,2,64,22,17,4096,536870912,pcie,16,76.921,11.787,19.998,108.706,0.2025,17,0.273,ok
80,2,64,22,17,4096,536870912,loopback,25.2,77.106,11.798,20.370,109.274,0.2035,17,0.429,ok
80,2,64,22,17,4096,536870912,dc,50,77.523,11.796,20.011,109.330,0.2036,17,0.851,ok
80,2,64,22,17,4096,536870912,wan,2000,110.648,11.786,19.895,142.328,0.2651,17,34.001,ok
80,2,64,23,18,4096,1073741824,nvlink,5,151.979,23.434,44.102,219.515,0.2044,18,0.093,ok
80,2,64,23,18,4096,1073741824,pcie,16,152.048,23.403,44.160,219.612,0.2045,18,0.289,ok
80,2,64,23,18,4096,1073741824,loopback,25.2,152.288,23.466,45.216,220.970,0.2058,18,0.454,ok
80,2,64,23,18,4096,1073741824,dc,50,152.663,23.465,44.038,220.165,0.2050,18,0.901,ok
80,2,64,23,18,4096,1073741824,wan,2000,187.786,23.462,44.128,255.376,0.2378,18,36.001,ok
80,2,64,24,19,4096,,nvlink,5,,,,,,,,what():  cudaMalloc d_nxt: o
80,2,64,24,19,4096,,pcie,16,,,,,,,,what():  cudaMalloc d_nxt: o
80,2,64,24,19,4096,,loopback,25.2,,,,,,,,what():  cudaMalloc d_nxt: o
80,2,64,24,19,4096,,dc,50,,,,,,,,what():  cudaMalloc d_nxt: o
80,2,64,24,19,4096,,wan,2000,,,,,,,,what():  cudaMalloc d_nxt: o
80,4,16,20,17,256,33554432,nvlink,5,7.050,0.895,1.399,9.344,0.2785,17,0.086,ok
80,4,16,20,17,256,33554432,pcie,16,5.137,0.839,1.362,7.338,0.2187,17,0.273,ok
80,4,16,20,17,256,33554432,loopback,25.2,5.265,0.834,1.236,7.335,0.2186,17,0.429,ok
80,4,16,20,17,256,33554432,dc,50,5.713,0.844,1.371,7.928,0.2363,17,0.851,ok
80,4,16,20,17,256,33554432,wan,2000,38.874,0.840,1.255,40.970,1.2210,17,34.001,ok
80,4,16,21,18,256,67108864,nvlink,5,9.671,1.561,2.396,13.629,0.2031,18,0.091,ok
80,4,16,21,18,256,67108864,pcie,16,9.856,1.561,2.391,13.808,0.2058,18,0.289,ok
80,4,16,21,18,256,67108864,loopback,25.2,10.070,1.561,2.380,14.010,0.2088,18,0.454,ok
80,4,16,21,18,256,67108864,dc,50,10.490,1.565,2.423,14.478,0.2157,18,0.901,ok
80,4,16,21,18,256,67108864,wan,2000,45.597,1.563,2.392,49.553,0.7384,18,36.001,ok
80,4,16,22,19,256,134217728,nvlink,5,19.115,2.992,6.240,28.347,0.2112,19,0.096,ok
80,4,16,22,19,256,134217728,pcie,16,19.311,2.995,6.288,28.594,0.2130,19,0.305,ok
80,4,16,22,19,256,134217728,loopback,25.2,19.480,3.001,6.263,28.743,0.2142,19,0.480,ok
80,4,16,22,19,256,134217728,dc,50,19.933,2.992,6.222,29.147,0.2172,19,0.951,ok
80,4,16,22,19,256,134217728,wan,2000,57.102,2.994,6.837,66.933,0.4987,19,38.001,ok
80,4,16,23,20,256,268435456,nvlink,5,37.865,5.859,12.442,56.166,0.2092,20,0.101,ok
80,4,16,23,20,256,268435456,pcie,16,38.042,5.861,12.429,56.332,0.2099,20,0.321,ok
80,4,16,23,20,256,268435456,loopback,25.2,38.255,5.861,13.437,57.553,0.2144,20,0.505,ok
80,4,16,23,20,256,268435456,dc,50,38.762,5.863,12.627,57.251,0.2133,20,1.001,ok
80,4,16,23,20,256,268435456,wan,2000,77.726,5.857,12.507,96.089,0.3580,20,40.001,ok
80,4,16,24,21,256,536870912,nvlink,5,75.243,11.621,24.936,111.800,0.2082,21,0.106,ok
80,4,16,24,21,256,536870912,pcie,16,77.636,11.612,24.850,114.099,0.2125,21,0.337,ok
80,4,16,24,21,256,536870912,loopback,25.2,78.334,11.602,24.943,114.878,0.2140,21,0.530,ok
80,4,16,24,21,256,536870912,dc,50,78.808,11.604,24.900,115.313,0.2148,21,1.053,ok
80,4,16,24,21,256,536870912,wan,2000,117.817,11.607,24.874,154.298,0.2874,21,42.001,ok
80,8,4,20,19,16,8388608,nvlink,5,2.011,0.254,0.733,2.998,0.3574,19,0.096,ok
80,8,4,20,19,16,8388608,pcie,16,1.603,0.250,0.666,2.519,0.3002,19,0.305,ok
80,8,4,20,19,16,8388608,loopback,25.2,1.779,0.249,0.657,2.685,0.3200,19,0.480,ok
80,8,4,20,19,16,8388608,dc,50,2.274,0.254,0.770,3.298,0.3931,19,0.951,ok
80,8,4,20,19,16,8388608,wan,2000,39.353,0.255,0.918,40.525,4.8310,19,38.001,ok
80,8,4,21,20,16,16777216,nvlink,5,2.602,0.468,1.506,4.576,0.2727,20,0.101,ok
80,8,4,21,20,16,16777216,pcie,16,2.812,0.469,1.243,4.524,0.2696,20,0.321,ok
80,8,4,21,20,16,16777216,loopback,25.2,3.008,0.468,1.511,4.987,0.2973,20,0.505,ok
80,8,4,21,20,16,16777216,dc,50,3.540,0.470,1.505,5.515,0.3287,20,1.001,ok
80,8,4,21,20,16,16777216,wan,2000,42.534,0.470,1.522,44.526,2.6539,20,40.001,ok
80,8,4,22,21,16,33554432,nvlink,5,5.005,0.831,3.154,8.991,0.2680,21,0.106,ok
80,8,4,22,21,16,33554432,pcie,16,5.233,0.833,3.145,9.212,0.2745,21,0.337,ok
80,8,4,22,21,16,33554432,loopback,25.2,5.406,0.830,2.777,9.012,0.2686,21,0.530,ok
80,8,4,22,21,16,33554432,dc,50,5.939,0.829,3.245,10.013,0.2984,21,1.051,ok
80,8,4,22,21,16,33554432,wan,2000,46.998,0.831,3.215,51.044,1.5212,21,42.001,ok
80,8,4,23,22,16,67108864,nvlink,5,9.714,1.552,5.728,16.993,0.2532,22,0.111,ok
80,8,4,23,22,16,67108864,pcie,16,9.905,1.553,6.564,18.022,0.2685,22,0.353,ok
80,8,4,23,22,16,67108864,loopback,25.2,10.108,1.551,5.762,17.421,0.2596,22,0.555,ok
80,8,4,23,22,16,67108864,dc,50,10.698,1.555,5.695,17.947,0.2674,22,1.101,ok
80,8,4,23,22,16,67108864,wan,2000,53.613,1.553,5.770,60.936,0.9080,22,44.001,ok
80,8,4,24,23,16,134217728,nvlink,5,19.143,3.006,12.092,34.241,0.2551,23,0.116,ok
80,8,4,24,23,16,134217728,pcie,16,21.167,3.230,12.336,36.733,0.2737,23,0.369,ok
80,8,4,24,23,16,134217728,loopback,25.2,21.891,3.232,12.419,37.542,0.2797,23,0.581,ok
80,8,4,24,23,16,134217728,dc,50,22.159,3.225,12.321,37.706,0.2809,23,1.151,ok
80,8,4,24,23,16,134217728,wan,2000,66.478,3.159,12.166,81.803,0.6095,23,46.001,ok
128,2,128,20,14,16384,268435456,nvlink,5,61.936,8.748,9.183,79.867,0.2975,14,0.071,ok
128,2,128,20,14,16384,268435456,pcie,16,52.631,8.296,9.336,70.262,0.2617,14,0.225,ok
128,2,128,20,14,16384,268435456,loopback,25.2,52.617,8.294,9.298,70.209,0.2615,14,0.353,ok
128,2,128,20,14,16384,268435456,dc,50,53.173,8.349,9.413,70.935,0.2643,14,0.701,ok
128,2,128,20,14,16384,268435456,wan,2000,78.264,7.890,9.074,95.228,0.3548,14,28.001,ok
128,2,128,21,15,16384,536870912,nvlink,5,101.215,15.655,17.451,134.321,0.2502,15,0.076,ok
128,2,128,21,15,16384,536870912,pcie,16,143.055,19.950,22.034,185.039,0.3447,15,0.241,ok
128,2,128,21,15,16384,536870912,loopback,25.2,104.158,16.195,17.782,138.135,0.2573,15,0.379,ok
128,2,128,21,15,16384,536870912,dc,50,77.702,11.839,13.400,102.941,0.1917,15,0.751,ok
128,2,128,21,15,16384,536870912,wan,2000,107.155,11.836,13.361,132.352,0.2465,15,30.001,ok
128,2,128,22,16,16384,1073741824,nvlink,5,153.612,23.486,40.013,217.110,0.2022,16,0.081,ok
128,2,128,22,16,16384,1073741824,pcie,16,153.698,23.555,40.045,217.298,0.2024,16,0.257,ok
128,2,128,22,16,16384,1073741824,loopback,25.2,153.738,23.464,40.608,217.809,0.2029,16,0.404,ok
128,2,128,22,16,16384,1073741824,dc,50,154.123,23.500,48.091,225.713,0.2102,16,0.801,ok
128,2,128,22,16,16384,1073741824,wan,2000,185.526,23.534,40.463,249.522,0.2324,16,32.519,ok
128,2,128,23,17,16384,,nvlink,5,,,,,,,,what():  cudaMalloc d_nxt: o
128,2,128,23,17,16384,,pcie,16,,,,,,,,what():  cudaMalloc d_nxt: o
128,2,128,23,17,16384,,loopback,25.2,,,,,,,,what():  cudaMalloc d_nxt: o
128,2,128,23,17,16384,,dc,50,,,,,,,,what():  cudaMalloc d_nxt: o
128,2,128,23,17,16384,,wan,2000,,,,,,,,what():  cudaMalloc d_nxt: o
128,2,128,24,18,16384,,nvlink,5,,,,,,,,what():  cudaMalloc d_cur: o
128,2,128,24,18,16384,,pcie,16,,,,,,,,what():  cudaMalloc d_cur: o
128,2,128,24,18,16384,,loopback,25.2,,,,,,,,what():  cudaMalloc d_cur: o
128,2,128,24,18,16384,,dc,50,,,,,,,,what():  cudaMalloc d_cur: o
128,2,128,24,18,16384,,wan,2000,,,,,,,,what():  cudaMalloc d_cur: o
128,4,16,20,17,256,33554432,nvlink,5,4.920,0.835,1.257,7.013,0.2090,17,0.086,ok
128,4,16,20,17,256,33554432,pcie,16,5.118,0.839,1.253,7.210,0.2149,17,0.273,ok
128,4,16,20,17,256,33554432,loopback,25.2,5.274,0.841,1.297,7.412,0.2209,17,0.429,ok
128,4,16,20,17,256,33554432,dc,50,5.732,0.837,1.278,7.846,0.2338,17,0.851,ok
128,4,16,20,17,256,33554432,wan,2000,38.882,0.837,1.249,40.969,1.2210,17,34.001,ok
128,4,16,21,18,256,67108864,nvlink,5,9.676,1.562,2.643,13.881,0.2068,18,0.091,ok
128,4,16,21,18,256,67108864,pcie,16,9.879,1.565,2.645,14.089,0.2099,18,0.289,ok
128,4,16,21,18,256,67108864,loopback,25.2,10.054,1.564,2.539,14.157,0.2110,18,0.454,ok
128,4,16,21,18,256,67108864,dc,50,10.481,1.561,2.481,14.523,0.2164,18,0.901,ok
128,4,16,21,18,256,67108864,wan,2000,45.635,1.564,2.478,49.677,0.7402,18,36.001,ok
128,4,16,22,19,256,134217728,nvlink,5,19.098,2.992,6.936,29.027,0.2163,19,0.096,ok
128,4,16,22,19,256,134217728,pcie,16,19.285,2.996,6.306,28.587,0.2130,19,0.305,ok
128,4,16,22,19,256,134217728,loopback,25.2,19.493,2.996,6.625,29.115,0.2169,19,0.480,ok
128,4,16,22,19,256,134217728,dc,50,19.980,2.995,6.312,29.287,0.2182,19,0.951,ok
128,4,16,22,19,256,134217728,wan,2000,57.033,2.992,6.669,66.694,0.4969,19,38.001,ok
128,4,16,23,20,256,268435456,nvlink,5,37.835,5.860,13.668,57.363,0.2137,20,0.101,ok
128,4,16,23,20,256,268435456,pcie,16,37.957,5.859,13.531,57.347,0.2136,20,0.322,ok
128,4,16,23,20,256,268435456,loopback,25.2,38.271,5.859,14.588,58.718,0.2187,20,0.505,ok
128,4,16,23,20,256,268435456,dc,50,38.789,5.863,13.074,57.727,0.2150,20,1.001,ok
128,4,16,23,20,256,268435456,wan,2000,77.753,5.860,12.829,96.442,0.3593,20,40.001,ok
128,4,16,24,21,256,536870912,nvlink,5,75.485,11.599,25.790,112.874,0.2102,21,0.107,ok
128,4,16,24,21,256,536870912,pcie,16,77.033,11.610,27.187,115.829,0.2157,21,0.337,ok
128,4,16,24,21,256,536870912,loopback,25.2,77.087,11.601,28.215,116.903,0.2177,21,0.530,ok
128,4,16,24,21,256,536870912,dc,50,76.180,11.603,25.638,113.421,0.2113,21,1.056,ok
128,4,16,24,21,256,536870912,wan,2000,118.928,11.612,28.309,158.849,0.2959,21,46.463,ok
128,8,8,20,18,64,16777216,nvlink,5,3.737,0.505,1.015,5.256,0.3133,18,0.091,ok
128,8,8,20,18,64,16777216,pcie,16,2.752,0.466,0.896,4.114,0.2452,18,0.291,ok
128,8,8,20,18,64,16777216,loopback,25.2,2.909,0.469,0.910,4.287,0.2556,18,0.454,ok
128,8,8,20,18,64,16777216,dc,50,3.365,0.470,0.982,4.818,0.2872,18,0.901,ok
128,8,8,20,18,64,16777216,wan,2000,39.573,0.467,0.980,41.020,2.4450,18,36.757,ok
128,8,8,21,19,64,33554432,nvlink,5,4.920,0.829,1.621,7.370,0.2196,19,0.096,ok
128,8,8,21,19,64,33554432,pcie,16,5.178,0.834,2.196,8.209,0.2447,19,0.305,ok
128,8,8,21,19,64,33554432,loopback,25.2,5.322,0.829,1.673,7.824,0.2332,19,0.480,ok
128,8,8,21,19,64,33554432,dc,50,5.791,0.830,1.641,8.262,0.2462,19,0.951,ok
128,8,8,21,19,64,33554432,wan,2000,42.870,0.830,1.897,45.597,1.3589,19,38.001,ok
128,8,8,22,20,64,67108864,nvlink,5,9.589,1.547,4.218,15.353,0.2288,20,0.101,ok
128,8,8,22,20,64,67108864,pcie,16,9.808,1.547,4.027,15.382,0.2292,20,0.321,ok
128,8,8,22,20,64,67108864,loopback,25.2,10.084,1.547,4.361,15.992,0.2383,20,0.505,ok
128,8,8,22,20,64,67108864,dc,50,10.570,1.545,3.985,16.100,0.2399,20,1.001,ok
128,8,8,22,20,64,67108864,wan,2000,49.615,1.547,4.292,55.454,0.8263,20,40.001,ok
128,8,8,23,21,64,134217728,nvlink,5,19.067,2.985,8.180,30.231,0.2252,21,0.108,ok
128,8,8,23,21,64,134217728,pcie,16,19.194,2.981,8.326,30.500,0.2272,21,0.337,ok
128,8,8,23,21,64,134217728,loopback,25.2,19.369,2.981,8.774,31.125,0.2319,21,0.531,ok
128,8,8,23,21,64,134217728,dc,50,19.977,2.982,8.035,30.994,0.2309,21,1.051,ok
128,8,8,23,21,64,134217728,wan,2000,60.932,2.981,8.691,72.604,0.5409,21,42.001,ok
128,8,8,24,22,64,268435456,nvlink,5,37.656,5.862,17.092,60.610,0.2258,22,0.111,ok
128,8,8,24,22,64,268435456,pcie,16,41.849,6.327,18.098,66.274,0.2469,22,0.353,ok
128,8,8,24,22,64,268435456,loopback,25.2,42.042,6.330,19.021,67.393,0.2511,22,0.555,ok
128,8,8,24,22,64,268435456,dc,50,42.482,6.327,18.432,67.241,0.2505,22,1.101,ok
128,8,8,24,22,64,268435456,wan,2000,84.841,6.174,18.393,109.408,0.4076,22,44.001,ok
