t,B,n,leaves,expand_ms,sums_ms,scatter_ms,total_ms,ns_per_leaf,status
4,16,8,4096,0.177,0.019,0.024,0.219,53.5182,ok
4,16,9,8192,0.198,0.019,0.024,0.241,29.4440,ok
4,16,10,16384,0.219,0.018,0.025,0.262,15.9948,ok
4,16,11,32768,0.236,0.019,0.027,0.282,8.5924,ok
4,16,12,65536,0.259,0.018,0.030,0.307,4.6834,ok
4,16,13,131072,0.285,0.017,0.035,0.337,2.5720,ok
4,16,14,262144,0.306,0.021,0.046,0.373,1.4229,ok
4,16,15,524288,0.349,0.025,0.076,0.450,0.8587,ok
4,16,16,1048576,0.391,0.031,0.128,0.549,0.5240,ok
4,16,17,2097152,0.486,0.051,0.194,0.731,0.3485,ok
4,16,18,4194304,0.679,0.112,0.359,1.150,0.2742,ok
4,16,19,8388608,1.289,0.253,0.665,2.207,0.2631,ok
4,16,20,16777216,2.469,0.467,1.231,4.166,0.2483,ok
4,16,21,33554432,4.871,0.829,2.774,8.474,0.2525,ok
4,16,22,67108864,9.593,1.550,5.574,16.717,0.2491,ok
4,16,23,134217728,19.064,3.004,11.993,34.061,0.2538,ok
4,16,24,268435456,37.815,5.918,25.124,68.857,0.2565,ok
8,64,8,16384,0.188,0.019,0.024,0.231,14.1172,ok
8,64,9,32768,0.207,0.019,0.025,0.251,7.6634,ok
8,64,10,65536,0.228,0.018,0.027,0.273,4.1615,ok
8,64,11,131072,0.254,0.017,0.037,0.308,2.3534,ok
8,64,12,262144,0.279,0.022,0.040,0.342,1.3040,ok
8,64,13,524288,0.319,0.025,0.055,0.399,0.7614,ok
8,64,14,1048576,0.363,0.031,0.082,0.476,0.4536,ok
8,64,15,2097152,0.443,0.051,0.145,0.639,0.3048,ok
8,64,16,4194304,0.648,0.112,0.244,1.005,0.2395,ok
8,64,17,8388608,1.255,0.245,0.462,1.963,0.2340,ok
8,64,18,16777216,2.435,0.469,0.849,3.753,0.2237,ok
8,64,19,33554432,4.797,0.828,1.583,7.209,0.2148,ok
8,64,20,67108864,9.484,1.546,3.913,14.942,0.2227,ok
8,64,21,134217728,18.974,2.977,8.036,29.987,0.2234,ok
8,64,22,268435456,37.627,5.868,15.736,59.232,0.2207,ok
8,64,23,536870912,74.747,11.638,37.405,123.789,0.2306,ok
8,64,24,1073741824,149.248,23.274,97.689,270.212,0.2517,ok
16,256,8,65536,0.937,0.021,0.035,0.993,15.1470,ok
16,256,9,131072,0.930,0.020,0.044,0.995,7.5888,ok
16,256,10,262144,0.254,0.025,0.049,0.328,1.2517,ok
16,256,11,524288,0.306,0.028,0.053,0.388,0.7393,ok
16,256,12,1048576,0.354,0.033,0.065,0.452,0.4310,ok
16,256,13,2097152,0.417,0.053,0.102,0.573,0.2731,ok
16,256,14,4194304,0.621,0.113,0.211,0.946,0.2255,ok
16,256,15,8388608,1.236,0.253,0.377,1.867,0.2225,ok
16,256,16,16777216,2.437,0.469,0.700,3.606,0.2149,ok
16,256,17,33554432,4.850,0.844,1.346,7.040,0.2098,ok
16,256,18,67108864,9.571,1.562,2.559,13.692,0.2040,ok
16,256,19,134217728,18.996,2.994,6.282,28.273,0.2106,ok
16,256,20,268435456,37.774,5.861,13.097,56.732,0.2113,ok
16,256,21,536870912,75.159,11.599,25.838,112.597,0.2097,ok
16,256,22,1073741824,150.230,23.127,52.286,225.643,0.2101,ok
32,1024,8,262144,1.958,0.030,0.070,2.059,7.8544,ok
32,1024,9,524288,1.949,0.033,0.081,2.063,3.9343,ok
32,1024,10,1048576,0.357,0.039,0.090,0.487,0.4644,ok
32,1024,11,2097152,0.443,0.059,0.082,0.584,0.2787,ok
32,1024,12,4194304,0.640,0.118,0.162,0.920,0.2192,ok
32,1024,13,8388608,1.251,0.258,0.323,1.831,0.2183,ok
32,1024,14,16777216,2.461,0.477,0.574,3.512,0.2093,ok
32,1024,15,33554432,4.872,0.839,1.084,6.794,0.2025,ok
32,1024,16,67108864,9.649,1.566,2.083,13.299,0.1982,ok
32,1024,17,134217728,19.208,3.024,4.051,26.283,0.1958,ok
32,1024,18,268435456,38.018,5.940,11.198,55.157,0.2055,ok
32,1024,19,536870912,75.612,11.657,22.087,109.356,0.2037,ok
32,1024,20,1073741824,150.603,23.120,52.445,226.168,0.2106,ok
64,4096,8,1048576,1.914,0.061,0.117,2.092,1.9951,ok
64,4096,9,2097152,1.877,0.076,0.145,2.097,1.0001,ok
64,4096,10,4194304,0.831,0.138,0.149,1.118,0.2665,ok
64,4096,11,8388608,1.481,0.274,0.290,2.045,0.2438,ok
64,4096,12,16777216,2.722,0.491,0.523,3.735,0.2226,ok
64,4096,13,33554432,5.124,0.861,0.976,6.961,0.2074,ok
64,4096,14,67108864,9.925,1.579,1.830,13.334,0.1987,ok
64,4096,15,134217728,19.367,3.037,3.576,25.980,0.1936,ok
64,4096,16,268435456,38.450,5.954,6.955,51.358,0.1913,ok
64,4096,17,536870912,76.646,11.791,19.883,108.320,0.2018,ok
64,4096,18,1073741824,151.759,23.462,43.858,219.079,0.2040,ok
128,16384,8,4194304,10.549,0.220,1.010,11.780,2.8085,ok
128,16384,9,8388608,11.938,0.340,0.589,12.866,1.5338,ok
128,16384,10,16777216,3.274,0.552,0.490,4.316,0.2572,ok
128,16384,11,33554432,5.710,0.925,0.924,7.559,0.2253,ok
128,16384,12,67108864,10.593,1.646,1.752,13.991,0.2085,ok
128,16384,13,134217728,20.080,3.099,3.372,26.552,0.1978,ok
128,16384,14,268435456,39.303,6.003,6.638,51.944,0.1935,ok
128,16384,15,536870912,76.862,11.834,13.094,101.791,0.1896,ok
128,16384,16,1073741824,153.433,23.527,40.311,217.271,0.2023,ok
