logN,N,batch,backend,brev_mode,ms_per_mul,transpose_ms,brev_ms,ntt_ms,twiddle_ms,twist_ms,pointwise_ms,sum_ms,status
10,1024,4,square,standalone,0.0667,0.0244,0.0204,0.0469,0.0145,0.0080,0.0033,0.1176,ok
10,1024,4,square,fold,0.0580,0.0243,0.0000,0.0483,0.0157,0.0082,0.0039,0.1004,ok
10,1024,4,naive,-,0.0183,,,,,,,,BITEXACT
10,1024,16,square,standalone,0.0184,0.0248,0.0208,0.0487,0.0151,0.0143,0.0031,0.1268,ok
10,1024,16,square,fold,0.0147,0.0250,0.0000,0.0489,0.0155,0.0140,0.0041,0.1076,ok
10,1024,16,naive,-,0.0046,,,,,,,,BITEXACT
10,1024,64,square,standalone,0.0044,0.0259,0.0207,0.0492,0.0147,0.0175,0.0041,0.1320,ok
10,1024,64,square,fold,0.0036,0.0318,0.0000,0.0486,0.0158,0.0165,0.0041,0.1169,ok
10,1024,64,naive,-,0.0013,,,,,,,,BITEXACT
11,2048,4,square,standalone,0.0688,0.0247,0.0204,0.0486,0.0162,0.0097,0.0031,0.1228,ok
11,2048,4,square,fold,0.0588,0.0287,0.0000,0.0512,0.0140,0.0092,0.0041,0.1073,ok
11,2048,4,naive,-,0.0194,,,,,,,,BITEXACT
11,2048,16,square,standalone,0.0167,0.0236,0.0210,0.0479,0.0140,0.0100,0.0031,0.1195,ok
11,2048,16,square,fold,0.0151,0.0285,0.0000,0.0506,0.0173,0.0125,0.0041,0.1131,ok
11,2048,16,naive,-,0.0051,,,,,,,,BITEXACT
11,2048,64,square,standalone,0.0053,0.0255,0.0256,0.0587,0.0163,0.0170,0.0048,0.1478,ok
11,2048,64,square,fold,0.0040,0.0270,0.0000,0.0567,0.0155,0.0141,0.0041,0.1174,ok
11,2048,64,naive,-,0.0015,,,,,,,,BITEXACT
12,4096,4,square,standalone,0.0782,0.0266,0.0218,0.0509,0.0162,0.0164,0.0041,0.1360,ok
12,4096,4,square,fold,0.0620,0.0302,0.0000,0.0513,0.0156,0.0174,0.0048,0.1194,ok
12,4096,4,naive,-,0.0218,,,,,,,,BITEXACT
12,4096,16,square,standalone,0.0174,0.0243,0.0215,0.0500,0.0151,0.0173,0.0031,0.1313,ok
12,4096,16,square,fold,0.0156,0.0274,0.0000,0.0516,0.0161,0.0166,0.0041,0.1158,ok
12,4096,16,naive,-,0.0060,,,,,,,,BITEXACT
12,4096,64,square,standalone,0.0057,0.0286,0.0302,0.0674,0.0198,0.0141,0.0061,0.1663,ok
12,4096,64,square,fold,0.0045,0.0285,0.0000,0.0655,0.0190,0.0181,0.0051,0.1363,ok
12,4096,64,naive,-,0.0019,,,,,,,,BITEXACT
13,8192,4,square,standalone,0.0729,0.0255,0.0265,0.0499,0.0150,0.0093,0.0038,0.1300,ok
13,8192,4,square,fold,0.0554,0.0284,0.0000,0.0510,0.0134,0.0094,0.0040,0.1063,ok
13,8192,4,naive,-,0.0237,,,,,,,,BITEXACT
13,8192,16,square,standalone,0.0201,0.0256,0.0296,0.0553,0.0163,0.0143,0.0044,0.1454,ok
13,8192,16,square,fold,0.0164,0.0272,0.0000,0.0563,0.0170,0.0147,0.0042,0.1195,ok
13,8192,16,naive,-,0.0068,,,,,,,,BITEXACT
13,8192,64,square,standalone,0.0062,0.0329,0.0386,0.0909,0.0235,0.0161,0.0072,0.2092,ok
13,8192,64,square,fold,0.0051,0.0363,0.0000,0.0918,0.0232,0.0169,0.0082,0.1764,ok
13,8192,64,naive,-,0.0029,,,,,,,,BITEXACT
14,16384,4,square,standalone,0.0698,0.0264,0.0212,0.0528,0.0147,0.0159,0.0038,0.1348,ok
14,16384,4,square,fold,0.0635,0.0274,0.0000,0.0528,0.0142,0.0150,0.0040,0.1135,ok
14,16384,4,naive,-,0.0270,,,,,,,,BITEXACT
14,16384,16,square,standalone,0.0218,0.0284,0.0321,0.0686,0.0190,0.0166,0.0049,0.1698,ok
14,16384,16,square,fold,0.0163,0.0308,0.0000,0.0681,0.0191,0.0162,0.0061,0.1404,ok
14,16384,16,naive,-,0.0090,,,,,,,,BITEXACT
14,16384,64,square,standalone,0.0079,0.0470,0.0600,0.1358,0.0325,0.0217,0.0089,0.3060,ok
14,16384,64,square,fold,0.0065,0.0611,0.0000,0.1335,0.0314,0.0231,0.0142,0.2634,ok
14,16384,64,naive,-,0.0044,,,,,,,,BITEXACT
15,32768,4,square,standalone,0.0742,0.0256,0.0254,0.0569,0.0163,0.0127,0.0040,0.1410,ok
15,32768,4,square,fold,0.0607,0.0268,0.0000,0.0581,0.0164,0.0132,0.0060,0.1204,ok
15,32768,4,naive,-,0.0319,,,,,,,,BITEXACT
15,32768,16,square,standalone,0.0243,0.0334,0.0457,0.0925,0.0225,0.0193,0.0061,0.2195,ok
15,32768,16,square,fold,0.0198,0.0404,0.0000,0.0934,0.0223,0.0201,0.0102,0.1864,ok
15,32768,16,naive,-,0.0132,,,,,,,,BITEXACT
15,32768,64,square,standalone,0.0109,0.0728,0.1287,0.2188,0.0471,0.0423,0.0133,0.5230,ok
15,32768,64,square,fold,0.0087,0.0940,0.0000,0.2108,0.0472,0.0342,0.0246,0.4107,ok
15,32768,64,naive,-,0.0080,,,,,,,,BITEXACT
16,65536,4,square,standalone,0.0855,0.0267,0.0328,0.0736,0.0194,0.0176,0.0044,0.1745,ok
16,65536,4,square,fold,0.0678,0.0322,0.0000,0.0744,0.0187,0.0172,0.0069,0.1493,ok
16,65536,4,naive,-,0.0415,,,,,,,,BITEXACT
16,65536,16,square,standalone,0.0326,0.0490,0.0829,0.1442,0.0334,0.0246,0.0082,0.3424,ok
16,65536,16,square,fold,0.0266,0.0615,0.0000,0.1470,0.0317,0.0258,0.0165,0.2825,ok
16,65536,16,naive,-,0.0212,,,,,,,,BITEXACT
16,65536,64,square,standalone,0.0192,0.1456,0.3176,0.3976,0.0811,0.0767,0.0267,1.0452,ok
16,65536,64,square,fold,0.0156,0.2051,0.0000,0.4279,0.0861,0.0776,0.0522,0.8489,ok
16,65536,64,naive,-,0.0173,,,,,,,,BITEXACT
17,131072,4,square,standalone,0.1049,0.0353,0.0706,0.0994,0.0224,0.0161,0.0072,0.2509,ok
17,131072,4,square,fold,0.0839,0.0417,0.0000,0.1003,0.0235,0.0218,0.0102,0.1975,ok
17,131072,4,naive,-,0.0623,,,,,,,,BITEXACT
17,131072,16,square,standalone,0.0505,0.0717,0.2300,0.2289,0.0482,0.0352,0.0143,0.6284,ok
17,131072,16,square,fold,0.0365,0.0991,0.0000,0.2254,0.0471,0.0408,0.0279,0.4403,ok
17,131072,16,naive,-,0.0381,,,,,,,,BITEXACT
17,131072,64,square,standalone,0.0620,0.8771,1.0002,0.9367,0.3137,0.3532,0.3031,3.7840,ok
17,131072,64,square,fold,0.0435,0.8796,0.0000,0.9194,0.2033,0.3514,0.2741,2.6278,ok
17,131072,64,naive,-,0.1283,,,,,,,,BITEXACT
18,262144,4,square,standalone,0.1514,0.0496,0.1589,0.1537,0.0328,0.0225,0.0092,0.4266,ok
18,262144,4,square,fold,0.1107,0.0679,0.0000,0.1515,0.0306,0.0222,0.0297,0.3019,ok
18,262144,4,naive,-,0.0993,,,,,,,,BITEXACT
18,262144,16,square,standalone,0.1011,0.1593,0.5991,0.4598,0.0847,0.0957,0.0392,1.4378,ok
18,262144,16,square,fold,0.0743,0.2456,0.0000,0.4856,0.0869,0.1072,0.0993,1.0246,ok
18,262144,16,naive,-,0.0813,,,,,,,,BITEXACT
18,262144,64,square,standalone,0.1690,2.4369,2.4867,2.4306,1.5356,1.1280,0.6001,10.6180,ok
18,262144,64,square,fold,0.1320,2.5142,0.0000,2.4321,1.6053,1.1157,0.6093,8.2766,ok
18,262144,64,naive,-,0.3667,,,,,,,,BITEXACT
19,524288,4,square,standalone,0.2249,0.0702,0.3025,0.2571,0.0489,0.0427,0.0123,0.7337,ok
19,524288,4,square,fold,0.1595,0.1107,0.0000,0.2509,0.0499,0.0415,0.0522,0.5053,ok
19,524288,4,naive,-,0.1782,,,,,,,,BITEXACT
19,524288,16,square,standalone,0.2687,0.8904,1.1532,1.0321,0.3412,0.4017,0.2939,4.1125,ok
19,524288,16,square,fold,0.1866,0.9450,0.0000,1.0268,0.2078,0.3973,0.2710,2.8480,ok
19,524288,16,naive,-,0.5726,,,,,,,,BITEXACT
19,524288,64,square,standalone,0.3370,4.9916,4.7589,4.8716,3.1815,2.3633,1.2041,21.3710,ok
19,524288,64,square,fold,0.2609,5.0086,0.0000,4.7733,3.2446,2.3525,1.1734,16.5525,ok
19,524288,64,naive,-,0.7684,,,,,,,,BITEXACT
20,1048576,4,square,standalone,0.4668,0.1964,0.6177,0.5190,0.1092,0.1641,0.0689,1.6755,ok
20,1048576,4,square,fold,0.3243,0.2709,0.0000,0.5038,0.1004,0.1607,0.0993,1.1352,ok
20,1048576,4,naive,-,0.3781,,,,,,,,BITEXACT
20,1048576,16,square,standalone,0.6889,2.5387,2.5204,2.4023,1.5727,1.1549,0.6021,10.7910,ok
20,1048576,16,square,fold,0.5401,2.6822,0.0000,2.3704,1.6481,1.1517,0.6227,8.4751,ok
20,1048576,16,naive,-,1.6170,,,,,,,,BITEXACT
20,1048576,64,square,standalone,0.6649,10.0081,9.3416,9.4227,6.4481,4.7730,2.4259,42.4195,ok
20,1048576,64,square,fold,0.5331,10.1282,0.0000,9.3646,6.3852,4.8353,2.2904,33.0036,ok
20,1048576,64,naive,-,,,,,,,,,FAIL
21,2097152,4,square,standalone,1.1830,0.9747,1.1398,1.2116,0.4556,0.4487,0.2959,4.5264,ok
21,2097152,4,square,fold,0.8745,1.1872,0.0000,1.1925,0.2388,0.4538,0.2731,3.3454,ok
21,2097152,4,naive,-,2.5357,,,,,,,,BITEXACT
21,2097152,16,square,standalone,1.5532,5.1218,4.7930,7.0846,3.2403,2.4396,1.2102,23.8895,ok
21,2097152,16,square,fold,1.2366,5.7945,0.0000,6.9504,3.2329,2.4346,1.1786,19.5910,ok
21,2097152,16,naive,-,3.3549,,,,,,,,BITEXACT
21,2097152,64,square,standalone,1.4797,19.8330,18.4852,27.7302,12.8511,9.4267,4.7903,93.1163,ok
21,2097152,64,square,fold,1.2155,22.6559,0.0000,27.7992,12.6877,9.4749,4.5322,77.1499,ok
21,2097152,64,naive,-,,,,,,,,,FAIL
22,4194304,4,square,standalone,3.5786,2.6313,2.5136,4.7860,1.9302,1.6670,0.5886,14.1167,ok
22,4194304,4,square,fold,3.2146,3.6450,0.0000,4.6018,2.0767,1.6694,0.6154,12.6083,ok
22,4194304,4,naive,-,7.2331,,,,,,,,BITEXACT
22,4194304,16,square,standalone,3.5756,10.1926,9.3503,18.4293,8.3405,6.6095,2.4136,55.3358,ok
22,4194304,16,square,fold,3.1608,14.4666,0.0000,18.4456,8.1152,6.9080,2.2866,50.2220,ok
22,4194304,16,naive,-,7.0830,,,,,,,,BITEXACT
22,4194304,64,square,standalone,3.4318,40.3535,36.7452,73.9917,33.3250,26.0524,9.4740,219.9419,ok
22,4194304,64,square,fold,3.1121,57.7462,0.0000,73.9847,32.2193,26.0243,8.9999,198.9745,ok
22,4194304,64,naive,-,,,,,,,,,FAIL
23,8388608,4,square,standalone,7.3960,5.2756,4.8228,9.3945,4.2896,3.5897,1.1991,28.5714,ok
23,8388608,4,square,fold,6.9130,9.0193,0.0000,9.2875,4.4758,3.6012,1.1757,27.5595,ok
23,8388608,4,naive,-,15.8039,,,,,,,,BITEXACT
23,8388608,16,square,standalone,7.0786,20.5967,18.6193,37.1209,17.5982,14.3479,4.8444,113.1275,ok
23,8388608,16,square,fold,6.8805,36.2279,0.0000,37.1722,17.2503,14.5136,4.5384,109.7024,ok
23,8388608,16,naive,-,,,,,,,,,FAIL
23,8388608,64,square,standalone,7.0643,82.0889,73.6764,148.6020,70.5900,57.2477,18.8464,451.0514,ok
23,8388608,64,square,fold,6.8289,145.1788,0.0000,148.6453,67.8170,57.1587,17.8726,436.6724,ok
23,8388608,64,naive,-,,,,,,,,,FAIL
24,16777216,4,square,standalone,14.2768,10.5552,9.4847,18.5682,8.6908,7.1354,2.4156,56.8500,ok
24,16777216,4,square,fold,20.0310,43.0594,0.0000,18.5495,8.6505,7.2265,2.3152,79.8012,ok
24,16777216,4,naive,-,33.8584,,,,,,,,BITEXACT
24,16777216,16,square,standalone,14.2595,41.7416,37.1810,74.7542,35.2648,28.6087,9.4659,227.0162,ok
24,16777216,16,square,fold,19.9281,172.4274,0.0000,74.6809,33.8869,28.6030,9.0276,318.6256,ok
24,16777216,16,naive,-,,,,,,,,,FAIL
24,16777216,64,square,standalone,14.1842,166.7443,147.7556,299.0149,141.2936,114.2629,37.4402,906.5115,ok
24,16777216,64,square,fold,19.9007,688.9897,0.0000,298.5062,135.3618,114.2659,35.9240,1273.0477,ok
24,16777216,64,naive,-,,,,,,,,,FAIL
