gpu,logN,batch,merge_ms_mul,f4_full_ms_mul,f4_sm_ms_mul,f4_dru_ms_mul,merge_over_f4sm,merge_over_f4full,check,f4g_full_ms_mul,f4g_sm_ms_mul,merge_over_f4gsm,merge_over_f4gfull,check_g
NVIDIA_L40S,20,4,0.1197,0.2008,0.1645,0.0797,0.728,0.596,BITEXACT,0.1939,0.1549,0.772,0.617,BITEXACT
NVIDIA_L40S,20,16,0.2736,0.3438,0.1845,0.1535,1.483,0.796,BITEXACT,0.3386,0.1873,1.461,0.808,BITEXACT
NVIDIA_L40S,20,64,0.2700,0.3387,0.1849,0.1521,1.460,0.797,BITEXACT,0.3347,0.1833,1.473,0.807,BITEXACT
NVIDIA_L40S,21,4,0.3623,0.5633,0.3821,0.2817,0.948,0.643,BITEXACT,0.5658,0.3941,0.919,0.640,BITEXACT
NVIDIA_L40S,21,16,0.5476,0.7050,0.3906,0.3091,1.402,0.777,BITEXACT,0.8196,0.5133,1.067,0.668,BITEXACT
NVIDIA_L40S,21,64,0.5440,0.6947,0.3944,0.3079,1.379,0.783,BITEXACT,0.8163,0.5086,1.070,0.666,BITEXACT
NVIDIA_L40S,22,4,1.2216,1.4844,0.8549,0.6313,1.429,0.823,BITEXACT,1.7620,1.1394,1.072,0.693,BITEXACT
NVIDIA_L40S,22,16,1.2102,1.4652,0.8538,0.6287,1.417,0.826,BITEXACT,1.7662,1.1381,1.063,0.685,BITEXACT
NVIDIA_L40S,22,64,1.2005,1.4576,0.8693,0.6285,1.381,0.824,BITEXACT,1.7633,1.1302,1.062,0.681,BITEXACT
NVIDIA_L40S,23,4,2.5162,3.1321,1.8333,1.2899,1.372,0.803,BITEXACT,3.6038,2.3638,1.064,0.698,BITEXACT
NVIDIA_L40S,23,16,2.5093,3.0982,1.8330,1.2838,1.369,0.810,BITEXACT,3.5932,2.3253,1.079,0.698,BITEXACT
NVIDIA_L40S,23,64,2.4719,3.0845,1.8379,1.2818,1.345,0.801,BITEXACT,3.6006,2.3103,1.070,0.687,BITEXACT
NVIDIA_L40S,24,4,4.9801,6.2782,3.6829,2.6068,1.352,0.793,BITEXACT,7.3155,4.7721,1.044,0.681,BITEXACT
NVIDIA_L40S,24,16,4.9809,6.2243,3.6973,2.6047,1.347,0.800,BITEXACT,7.3104,4.7113,1.057,0.681,BITEXACT
NVIDIA_L40S,24,64,4.9173,6.2526,3.7633,2.6037,1.307,0.786,BITEXACT,7.3548,4.7777,1.029,0.669,BITEXACT
gpu,logN,batch,merge_ms_mul,f4_full_ms_mul,f4_sm_ms_mul,f4_dru_ms_mul,merge_over_f4sm,merge_over_f4full,check,f4g_full_ms_mul,f4g_sm_ms_mul,merge_over_f4gsm,merge_over_f4gfull,check_g
NVIDIA_L40S,20,4,0.1218,0.1985,0.1633,0.0795,0.746,0.614,BITEXACT,0.1917,0.1543,0.789,0.635,BITEXACT
NVIDIA_L40S,20,16,0.2719,0.3449,0.1863,0.1540,1.460,0.789,BITEXACT,0.3371,0.1865,1.458,0.807,BITEXACT
NVIDIA_L40S,20,64,0.2699,0.3414,0.1865,0.1519,1.447,0.791,BITEXACT,0.3347,0.1832,1.473,0.806,BITEXACT
NVIDIA_L40S,21,4,0.3738,0.5668,0.3871,0.2858,0.966,0.659,BITEXACT,0.5693,0.4012,0.932,0.657,BITEXACT
NVIDIA_L40S,21,16,0.5469,0.7073,0.3965,0.3084,1.379,0.773,BITEXACT,0.8219,0.5131,1.066,0.665,BITEXACT
NVIDIA_L40S,21,64,0.5447,0.7016,0.4067,0.3080,1.339,0.776,BITEXACT,0.8173,0.5094,1.069,0.666,BITEXACT
NVIDIA_L40S,22,4,1.2217,1.4911,0.8637,0.6338,1.415,0.819,BITEXACT,1.7654,1.1409,1.071,0.692,BITEXACT
NVIDIA_L40S,22,16,1.2092,1.4758,0.8638,0.6289,1.400,0.819,BITEXACT,1.7653,1.1463,1.055,0.685,BITEXACT
NVIDIA_L40S,22,64,1.1956,1.4651,0.8809,0.6286,1.357,0.816,BITEXACT,1.7663,1.1332,1.055,0.677,BITEXACT
NVIDIA_L40S,23,4,2.5068,3.1411,1.8387,1.2885,1.363,0.798,BITEXACT,3.6011,2.3215,1.080,0.696,BITEXACT
NVIDIA_L40S,23,16,2.5114,3.1013,1.8589,1.2842,1.351,0.810,BITEXACT,3.6102,2.3193,1.083,0.696,BITEXACT
NVIDIA_L40S,23,64,2.4737,3.0969,1.8612,1.2828,1.329,0.799,BITEXACT,3.6138,2.3316,1.061,0.685,BITEXACT
NVIDIA_L40S,24,4,4.9828,6.3108,3.6989,2.6176,1.347,0.790,BITEXACT,7.3290,4.7958,1.039,0.680,BITEXACT
NVIDIA_L40S,24,16,4.9812,6.2763,3.7090,2.6090,1.343,0.794,BITEXACT,7.3459,4.7186,1.056,0.678,BITEXACT
NVIDIA_L40S,24,64,4.9417,6.2572,3.8059,2.6092,1.298,0.790,BITEXACT,7.3397,4.7268,1.045,0.673,BITEXACT
gpu,logN,batch,merge_ms_mul,f4_full_ms_mul,f4_sm_ms_mul,f4_dru_ms_mul,merge_over_f4sm,merge_over_f4full,check,f4g_full_ms_mul,f4g_sm_ms_mul,merge_over_f4gsm,merge_over_f4gfull,check_g
NVIDIA_L40S,20,4,0.1244,0.2013,0.1657,0.0793,0.751,0.618,BITEXACT,0.1940,0.1565,0.795,0.641,BITEXACT
NVIDIA_L40S,20,16,0.2734,0.3446,0.1880,0.1536,1.454,0.793,BITEXACT,0.3381,0.1847,1.480,0.808,BITEXACT
NVIDIA_L40S,20,64,0.2692,0.3423,0.1890,0.1518,1.425,0.787,BITEXACT,0.3339,0.1834,1.468,0.806,BITEXACT
NVIDIA_L40S,21,4,0.3721,0.5664,0.3925,0.2812,0.948,0.657,BITEXACT,0.5759,0.4066,0.915,0.646,BITEXACT
NVIDIA_L40S,21,16,0.5473,0.7115,0.4016,0.3093,1.363,0.769,BITEXACT,0.8208,0.5118,1.069,0.667,BITEXACT
NVIDIA_L40S,21,64,0.5422,0.7064,0.4096,0.3078,1.324,0.768,BITEXACT,0.8153,0.5091,1.065,0.665,BITEXACT
NVIDIA_L40S,22,4,1.2196,1.4952,0.8683,0.6327,1.405,0.816,BITEXACT,1.7631,1.1395,1.070,0.692,BITEXACT
NVIDIA_L40S,22,16,1.2129,1.4801,0.8704,0.6297,1.394,0.819,BITEXACT,1.7650,1.1371,1.067,0.687,BITEXACT
NVIDIA_L40S,22,64,1.1940,1.4711,0.8851,0.6281,1.349,0.812,BITEXACT,1.7598,1.1325,1.054,0.678,BITEXACT
NVIDIA_L40S,23,4,2.5041,3.1416,1.8433,1.2885,1.358,0.797,BITEXACT,3.6053,2.3462,1.067,0.695,BITEXACT
NVIDIA_L40S,23,16,2.5079,3.1156,1.8852,1.2837,1.330,0.805,BITEXACT,3.6067,2.3233,1.079,0.695,BITEXACT
NVIDIA_L40S,23,64,2.4865,3.0949,1.8792,1.2831,1.323,0.803,BITEXACT,3.6089,2.3083,1.077,0.689,BITEXACT
NVIDIA_L40S,24,4,4.9632,6.2990,3.6832,2.6062,1.348,0.788,BITEXACT,7.3206,4.8032,1.033,0.678,BITEXACT
NVIDIA_L40S,24,16,4.9600,6.2601,3.7202,2.6063,1.333,0.792,BITEXACT,7.3140,4.6871,1.058,0.678,BITEXACT
NVIDIA_L40S,24,64,4.9015,6.2748,3.8413,2.6058,1.276,0.781,BITEXACT,7.3611,4.7235,1.038,0.666,BITEXACT
