gpu,logN,batch,merge_ms_mul,f4_full_ms_mul,f4_sm_ms_mul,f4_dru_ms_mul,merge_over_f4sm,merge_over_f4full,check
NVIDIA_B200,20,4,0.1292,0.1796,0.1637,0.0190,0.790,0.719,BITEXACT
NVIDIA_B200,20,16,0.1250,0.1780,0.1586,0.0189,0.788,0.702,BITEXACT
NVIDIA_B200,20,64,0.1233,0.1746,0.1569,0.0176,0.786,0.706,BITEXACT
NVIDIA_B200,21,4,0.2647,0.4117,0.3742,0.0404,0.707,0.643,BITEXACT
NVIDIA_B200,21,16,0.2591,0.4053,0.3685,0.0364,0.703,0.639,BITEXACT
NVIDIA_B200,21,64,0.2575,0.4008,0.3657,0.0350,0.704,0.642,BITEXACT
NVIDIA_B200,22,4,0.5458,0.9439,0.8662,0.0767,0.630,0.578,BITEXACT
NVIDIA_B200,22,16,0.5385,0.9231,0.8514,0.0716,0.632,0.583,BITEXACT
NVIDIA_B200,22,64,0.5364,0.9170,0.8467,0.0703,0.633,0.585,BITEXACT
NVIDIA_B200,23,4,1.1282,1.8022,1.6540,0.1478,0.682,0.626,BITEXACT
NVIDIA_B200,23,16,1.1215,1.7751,1.6322,0.1426,0.687,0.632,BITEXACT
NVIDIA_B200,23,64,1.1196,1.7683,1.6269,0.1415,0.688,0.633,BITEXACT
NVIDIA_B200,24,4,2.4042,3.3655,3.0722,0.2918,0.783,0.714,BITEXACT
NVIDIA_B200,24,16,2.3953,3.3288,3.0427,0.2863,0.787,0.720,BITEXACT
NVIDIA_B200,24,64,2.3946,3.3219,3.0371,0.2871,0.788,0.721,BITEXACT
gpu,logN,batch,merge_ms_mul,f4_full_ms_mul,f4_sm_ms_mul,f4_dru_ms_mul,merge_over_f4sm,merge_over_f4full,check
NVIDIA_B200,20,4,0.1291,0.1796,0.1635,0.0191,0.789,0.719,BITEXACT
NVIDIA_B200,20,16,0.1250,0.1780,0.1586,0.0189,0.788,0.702,BITEXACT
NVIDIA_B200,20,64,0.1233,0.1746,0.1569,0.0176,0.786,0.706,BITEXACT
NVIDIA_B200,21,4,0.2646,0.4119,0.3742,0.0405,0.707,0.642,BITEXACT
NVIDIA_B200,21,16,0.2591,0.4053,0.3685,0.0363,0.703,0.639,BITEXACT
NVIDIA_B200,21,64,0.2575,0.4008,0.3657,0.0350,0.704,0.642,BITEXACT
NVIDIA_B200,22,4,0.5458,0.9437,0.8664,0.0768,0.630,0.578,BITEXACT
NVIDIA_B200,22,16,0.5385,0.9231,0.8513,0.0715,0.632,0.583,BITEXACT
NVIDIA_B200,22,64,0.5364,0.9170,0.8467,0.0703,0.633,0.585,BITEXACT
NVIDIA_B200,23,4,1.1281,1.8025,1.6546,0.1478,0.682,0.626,BITEXACT
NVIDIA_B200,23,16,1.1215,1.7749,1.6323,0.1425,0.687,0.632,BITEXACT
NVIDIA_B200,23,64,1.1196,1.7682,1.6269,0.1414,0.688,0.633,BITEXACT
NVIDIA_B200,24,4,2.4043,3.3631,3.0723,0.2915,0.783,0.715,BITEXACT
NVIDIA_B200,24,16,2.3952,3.3289,3.0420,0.2862,0.787,0.720,BITEXACT
NVIDIA_B200,24,64,2.3946,3.3218,3.0365,0.2874,0.789,0.721,BITEXACT
gpu,logN,batch,merge_ms_mul,f4_full_ms_mul,f4_sm_ms_mul,f4_dru_ms_mul,merge_over_f4sm,merge_over_f4full,check
NVIDIA_B200,20,4,0.1292,0.1796,0.1635,0.0190,0.790,0.720,BITEXACT
NVIDIA_B200,20,16,0.1249,0.1779,0.1586,0.0189,0.788,0.702,BITEXACT
NVIDIA_B200,20,64,0.1233,0.1746,0.1569,0.0176,0.786,0.706,BITEXACT
NVIDIA_B200,21,4,0.2646,0.4117,0.3742,0.0404,0.707,0.643,BITEXACT
NVIDIA_B200,21,16,0.2591,0.4053,0.3686,0.0363,0.703,0.639,BITEXACT
NVIDIA_B200,21,64,0.2575,0.4009,0.3657,0.0350,0.704,0.642,BITEXACT
NVIDIA_B200,22,4,0.5458,0.9441,0.8661,0.0766,0.630,0.578,BITEXACT
NVIDIA_B200,22,16,0.5385,0.9231,0.8514,0.0715,0.632,0.583,BITEXACT
NVIDIA_B200,22,64,0.5364,0.9171,0.8467,0.0703,0.633,0.585,BITEXACT
NVIDIA_B200,23,4,1.1281,1.8029,1.6535,0.1478,0.682,0.626,BITEXACT
NVIDIA_B200,23,16,1.1215,1.7750,1.6321,0.1427,0.687,0.632,BITEXACT
NVIDIA_B200,23,64,1.1196,1.7682,1.6269,0.1414,0.688,0.633,BITEXACT
NVIDIA_B200,24,4,2.4041,3.3642,3.0721,0.2917,0.783,0.715,BITEXACT
NVIDIA_B200,24,16,2.3953,3.3286,3.0425,0.2863,0.787,0.720,BITEXACT
NVIDIA_B200,24,64,2.3946,3.3217,3.0366,0.2873,0.789,0.721,BITEXACT
