NVIDIA_L40S,20,4,0.1195,0.2014,0.1649,0.0779,0.725,0.593,BITEXACT
NVIDIA_L40S,20,16,0.2739,0.3443,0.1860,0.1532,1.472,0.795,BITEXACT
NVIDIA_L40S,21,4,0.3673,0.5644,0.3835,0.2823,0.958,0.651,BITEXACT
NVIDIA_L40S,21,16,0.5469,0.7049,0.3935,0.3096,1.390,0.776,BITEXACT
NVIDIA_L40S,22,4,1.2187,1.4841,0.8531,0.6323,1.428,0.821,BITEXACT
NVIDIA_L40S,22,16,1.2046,1.4652,0.8470,0.6299,1.422,0.822,BITEXACT
NVIDIA_L40S,23,4,2.5133,3.1275,1.8300,1.2859,1.373,0.804,BITEXACT
NVIDIA_L40S,23,16,2.5110,3.0956,1.8329,1.2826,1.370,0.811,BITEXACT
NVIDIA_L40S,24,4,4.9596,6.2612,3.6624,2.6103,1.354,0.792,BITEXACT
NVIDIA_L40S,24,16,,,,,,,SKIP_MEM
NVIDIA_L40S,20,4,0.1208,0.2019,0.1657,0.0779,0.729,0.598,BITEXACT
NVIDIA_L40S,20,16,0.2740,0.3446,0.1858,0.1530,1.475,0.795,BITEXACT
NVIDIA_L40S,21,4,0.3675,0.5680,0.3838,0.2841,0.957,0.647,BITEXACT
NVIDIA_L40S,21,16,0.5474,0.7049,0.3914,0.3088,1.398,0.777,BITEXACT
NVIDIA_L40S,22,4,1.2242,1.4843,0.8535,0.6349,1.434,0.825,BITEXACT
NVIDIA_L40S,22,16,1.2087,1.4666,0.8346,0.6287,1.448,0.824,BITEXACT
NVIDIA_L40S,23,4,2.5157,3.1232,1.8309,1.2884,1.374,0.806,BITEXACT
NVIDIA_L40S,23,16,2.5111,3.0947,1.8353,1.2835,1.368,0.811,BITEXACT
NVIDIA_L40S,24,4,5.3926,6.6510,3.9357,2.7068,1.370,0.811,BITEXACT
NVIDIA_L40S,24,16,4.9833,6.2599,3.6782,2.6038,1.355,0.796,BITEXACT
NVIDIA_L40S,20,4,0.1208,0.2007,0.1642,0.0793,0.736,0.602,BITEXACT
NVIDIA_L40S,20,16,0.2723,0.3448,0.1861,0.1533,1.463,0.790,BITEXACT
NVIDIA_L40S,21,4,0.3700,0.5667,0.3847,0.2837,0.962,0.653,BITEXACT
NVIDIA_L40S,21,16,0.5482,0.7049,0.3929,0.3093,1.395,0.778,BITEXACT
NVIDIA_L40S,22,4,1.2201,1.4852,0.8543,0.6329,1.428,0.821,BITEXACT
NVIDIA_L40S,22,16,1.2158,1.4663,0.8477,0.6293,1.434,0.829,BITEXACT
NVIDIA_L40S,23,4,2.5102,3.1344,1.8272,1.2857,1.374,0.801,BITEXACT
NVIDIA_L40S,23,16,2.5052,3.0995,1.8291,1.2844,1.370,0.808,BITEXACT
NVIDIA_L40S,24,4,4.9988,6.2859,3.6662,2.6161,1.363,0.795,BITEXACT
NVIDIA_L40S,24,16,4.9602,6.2314,3.6939,2.6081,1.343,0.796,BITEXACT
