lambda,c,t,logN,alpha_us,arm,blocks,B_per_block,n,leaves,expand_ms,convert_ms,beaver_ms,ntt_ms,wall_ms,ns_per_leaf,exchanges,status
80,2,64,20,50,serial,4,4096,15,536870912,82.3058,29.1959,0.4008,38.6286,150.5376,0.20769,60,OK
80,2,64,20,50,batched,4,4096,15,536870912,78.8501,28.8728,0.4010,37.4754,145.6040,0.20065,15,OK
80,2,64,20,500,serial,4,4096,15,536870912,109.9430,28.5426,4.0010,37.2823,179.7743,0.25795,60,OK
80,2,64,20,500,batched,4,4096,15,536870912,85.8618,28.2951,4.0009,37.7117,155.8742,0.21263,15,OK
80,2,64,20,2000,serial,4,4096,15,536870912,198.3199,28.6917,16.0011,36.8969,279.9153,0.42284,60,OK
80,2,64,20,2000,batched,4,4096,15,536870912,108.4018,30.1941,16.0008,39.1018,193.7034,0.25815,15,OK
80,2,64,20,5000,serial,4,4096,15,536870912,379.0340,28.8320,40.0018,36.7819,484.6547,0.75971,60,OK
80,2,64,20,5000,batched,4,4096,15,536870912,154.6041,70.6073,40.0009,37.0494,302.2667,0.41949,15,OK
80,2,64,20,60000,serial,4,4096,15,536870912,3678.6510,30.4094,480.0007,36.9517,4226.0309,6.90866,60,OK
80,2,64,20,60000,batched,4,4096,15,536870912,978.3277,28.6003,480.0009,38.4731,1525.4064,1.87555,15,OK
80,2,64,21,50,serial,4,4096,16,1073741824,158.3365,57.0387,0.4009,40.4003,256.1865,0.20058,64,OK
80,2,64,21,50,batched,4,4096,16,1073741824,157.8646,56.0541,0.4007,38.9847,253.3135,0.19923,16,OK
80,2,64,21,500,serial,4,4096,16,1073741824,233.8869,57.2796,4.0007,39.6936,334.8702,0.27117,64,OK
80,2,64,21,500,batched,4,4096,16,1073741824,163.1795,55.5193,4.0008,38.5877,261.2956,0.20368,16,OK
80,2,64,21,2000,serial,4,4096,16,1073741824,283.2428,56.4023,16.0008,39.5318,395.1866,0.31632,64,OK
80,2,64,21,2000,batched,4,4096,16,1073741824,187.2134,55.4257,16.0010,38.4956,297.1435,0.22598,16,OK
80,2,64,21,5000,serial,4,4096,16,1073741824,475.1731,59.4598,40.0009,79.8355,654.4778,0.49792,64,OK
80,2,64,21,5000,batched,4,4096,16,1073741824,235.2669,55.5694,40.0008,39.8320,370.6784,0.27086,16,OK
80,2,64,21,60000,serial,4,4096,16,1073741824,3995.9987,62.6036,480.0009,79.2187,4617.8326,3.77987,64,OK
80,2,64,21,60000,batched,4,4096,16,1073741824,1156.9445,55.7837,480.0010,79.0050,1771.7421,1.12944,16,OK
80,2,64,22,50,serial,4,4096,17,2147483648,340.2271,132.8490,0.4010,131.2655,604.7614,0.22029,68,OK
80,2,64,22,50,batched,4,4096,,,,,,,,,,OOM_SKIP
80,2,64,22,500,serial,4,4096,17,2147483648,341.9444,134.5995,4.0007,136.8008,617.3708,0.22191,68,OK
80,2,64,22,500,batched,4,4096,,,,,,,,,,OOM_SKIP
80,2,64,22,2000,serial,4,4096,17,2147483648,445.6637,140.6400,16.0007,125.0303,727.3532,0.27302,68,OK
80,2,64,22,2000,batched,4,4096,,,,,,,,,,OOM_SKIP
80,2,64,22,5000,serial,4,4096,17,2147483648,650.2112,132.9414,40.0011,163.8367,987.0116,0.36468,68,OK
80,2,64,22,5000,batched,4,4096,,,,,,,,,,OOM_SKIP
80,2,64,22,60000,serial,4,4096,17,2147483648,4393.5027,168.8059,480.0012,170.7790,5213.1137,2.12449,68,OK
80,2,64,22,60000,batched,4,4096,,,,,,,,,,OOM_SKIP
80,2,64,23,50,serial,4,4096,18,4294967296,635.9815,268.5425,0.4010,221.6275,1126.5957,0.21060,72,OK
80,2,64,23,50,batched,4,4096,,,,,,,,,,OOM_SKIP
80,2,64,23,500,serial,4,4096,18,4294967296,645.1923,268.3674,4.0008,222.8568,1140.4633,0.21270,72,OK
80,2,64,23,500,batched,4,4096,,,,,,,,,,OOM_SKIP
80,2,64,23,2000,serial,4,4096,18,4294967296,753.0458,271.9816,16.0007,225.6093,1266.6766,0.23866,72,OK
80,2,64,23,2000,batched,4,4096,,,,,,,,,,OOM_SKIP
80,2,64,23,5000,serial,4,4096,18,4294967296,976.6085,268.4375,40.0009,282.0220,1567.1087,0.28988,72,OK
80,2,64,23,5000,batched,4,4096,,,,,,,,,,OOM_SKIP
80,2,64,23,60000,serial,4,4096,18,4294967296,4929.9490,298.3599,480.0009,368.8499,6077.2156,1.21731,72,OK
80,2,64,23,60000,batched,4,4096,,,,,,,,,,OOM_SKIP
80,2,64,24,50,serial,4,4096,,,,,,,,,,OOM_SKIP
80,2,64,24,50,batched,4,4096,,,,,,,,,,OOM_SKIP
80,2,64,24,500,serial,4,4096,,,,,,,,,,OOM_SKIP
80,2,64,24,500,batched,4,4096,,,,,,,,,,OOM_SKIP
80,2,64,24,2000,serial,4,4096,,,,,,,,,,OOM_SKIP
80,2,64,24,2000,batched,4,4096,,,,,,,,,,OOM_SKIP
80,2,64,24,5000,serial,4,4096,,,,,,,,,,OOM_SKIP
80,2,64,24,5000,batched,4,4096,,,,,,,,,,OOM_SKIP
80,2,64,24,60000,serial,4,4096,,,,,,,,,,OOM_SKIP
80,2,64,24,60000,batched,4,4096,,,,,,,,,,OOM_SKIP
80,4,16,20,50,serial,16,256,17,536870912,91.6106,34.0843,1.6028,79.6754,206.9852,0.23412,272,OK
80,4,16,20,50,batched,16,256,17,536870912,78.8809,34.9833,1.6033,130.3114,245.7916,0.21209,17,OK
80,4,16,20,500,serial,16,256,17,536870912,214.4718,33.8925,16.0053,78.8729,343.2579,0.46261,272,OK
80,4,16,20,500,batched,16,256,17,536870912,89.0092,36.0855,16.0026,290.9590,432.0724,0.23301,17,OK
80,4,16,20,2000,serial,16,256,17,536870912,624.2034,37.2075,64.0042,115.9546,841.3835,1.23197,272,OK
80,4,16,20,2000,batched,16,256,17,536870912,113.7778,35.3044,64.0030,132.2664,345.3674,0.27769,17,OK
80,4,16,20,5000,serial,16,256,17,536870912,1439.0931,37.8767,160.0037,194.3045,1831.2923,2.75107,272,OK
80,4,16,20,5000,batched,16,256,17,536870912,164.1608,34.6335,160.0051,130.0745,488.8865,0.37028,17,OK
80,4,16,20,60000,serial,16,256,17,536870912,16403.5816,46.6118,1920.0086,158.5099,18528.7342,30.64087,272,OK
80,4,16,20,60000,batched,16,256,17,536870912,1099.0613,46.1286,1920.0077,414.2387,3479.4524,2.13308,17,OK
80,4,16,21,50,serial,16,256,18,1073741824,168.5284,72.2121,1.6029,254.4991,496.8695,0.22421,288,OK
80,4,16,21,50,batched,16,256,18,1073741824,156.7084,107.5294,1.6030,213.3601,479.2264,0.24609,18,OK
80,4,16,21,500,serial,16,256,18,1073741824,300.5973,72.5172,16.0045,259.4883,648.6335,0.34749,288,OK
80,4,16,21,500,batched,16,256,18,1073741824,167.3295,78.0217,16.0030,167.8558,429.2333,0.22850,18,OK
80,4,16,21,2000,serial,16,256,18,1073741824,732.5176,73.4331,64.0031,320.7569,1190.7380,0.75060,288,OK
80,4,16,21,2000,batched,16,256,18,1073741824,189.6168,69.9550,64.0035,262.1448,585.7441,0.24175,18,OK
80,4,16,21,5000,serial,16,256,18,1073741824,1595.4002,74.0730,160.0034,328.4010,2157.9046,1.55482,288,OK
80,4,16,21,5000,batched,16,256,18,1073741824,243.8867,72.6796,160.0047,259.7594,736.3566,0.29483,18,OK
80,4,16,21,60000,serial,16,256,18,1073741824,17437.8958,98.2445,1920.0058,319.7557,19775.9378,16.33180,288,OK
80,4,16,21,60000,batched,16,256,18,1073741824,1233.6177,79.0583,1920.0067,326.4945,3559.2101,1.22252,18,OK
80,4,16,22,50,serial,16,256,19,2147483648,320.0585,167.5068,1.6028,471.3952,960.6187,0.22704,304,OK
80,4,16,22,50,batched,16,256,,,,,,,,,,OOM_SKIP
80,4,16,22,500,serial,16,256,19,2147483648,457.6995,162.7436,16.0067,512.5267,1149.0335,0.28892,304,OK
80,4,16,22,500,batched,16,256,,,,,,,,,,OOM_SKIP
80,4,16,22,2000,serial,16,256,19,2147483648,915.8150,172.8469,64.0033,617.2308,1769.9582,0.50695,304,OK
80,4,16,22,2000,batched,16,256,,,,,,,,,,OOM_SKIP
80,4,16,22,5000,serial,16,256,19,2147483648,1827.4190,166.8889,160.0035,657.6677,2812.0392,0.92867,304,OK
80,4,16,22,5000,batched,16,256,,,,,,,,,,OOM_SKIP
80,4,16,22,60000,serial,16,256,19,2147483648,18549.6077,217.9428,1920.0038,688.6847,21376.3197,8.73932,304,OK
80,4,16,22,60000,batched,16,256,,,,,,,,,,OOM_SKIP
80,4,16,23,50,serial,16,256,20,4294967296,620.4910,336.6581,1.6031,992.3503,1951.2358,0.22285,320,OK
80,4,16,23,50,batched,16,256,,,,,,,,,,OOM_SKIP
80,4,16,23,500,serial,16,256,20,4294967296,767.0739,322.9613,16.0065,940.0652,2046.2312,0.25379,320,OK
80,4,16,23,500,batched,16,256,,,,,,,,,,OOM_SKIP
80,4,16,23,2000,serial,16,256,20,4294967296,1248.6549,314.8033,64.0040,957.0225,2584.6254,0.36402,320,OK
80,4,16,23,2000,batched,16,256,,,,,,,,,,OOM_SKIP
80,4,16,23,5000,serial,16,256,20,4294967296,2208.1193,319.3066,161.1072,1076.9044,3765.5726,0.58846,320,OK
80,4,16,23,5000,batched,16,256,,,,,,,,,,OOM_SKIP
80,4,16,23,60000,serial,16,256,20,4294967296,19808.6429,394.2613,1920.3090,1328.0182,23451.4207,4.70386,320,OK
80,4,16,23,60000,batched,16,256,,,,,,,,,,OOM_SKIP
80,4,16,24,50,serial,16,256,21,8589934592,1221.4370,646.9389,1.6038,1735.3986,3605.6603,0.21751,336,OK
80,4,16,24,50,batched,16,256,,,,,,,,,,OOM_SKIP
80,4,16,24,500,serial,16,256,21,8589934592,1373.4998,607.4168,16.0046,2450.7204,4447.9517,0.23061,336,OK
80,4,16,24,500,batched,16,256,,,,,,,,,,OOM_SKIP
80,4,16,24,2000,serial,16,256,21,8589934592,1876.2579,695.4662,65.7242,2143.1308,4780.9666,0.29939,336,OK
80,4,16,24,2000,batched,16,256,,,,,,,,,,OOM_SKIP
80,4,16,24,5000,serial,16,256,21,8589934592,2884.0677,608.9015,160.0061,1933.4019,5586.7024,0.40664,336,OK
80,4,16,24,5000,batched,16,256,,,,,,,,,,OOM_SKIP
80,4,16,24,60000,serial,16,256,21,8589934592,21367.1197,721.8478,1920.0058,2717.4286,26726.7473,2.57149,336,OK
80,4,16,24,60000,batched,16,256,,,,,,,,,,OOM_SKIP
80,8,4,20,50,serial,64,16,19,536870912,145.4426,68.7498,6.4130,550.0681,770.7215,0.39896,1216,OK
80,8,4,20,50,batched,64,16,19,536870912,77.7004,65.3834,6.4115,532.3598,681.9037,0.26651,19,OK
80,8,4,20,500,serial,64,16,19,536870912,701.4180,67.2147,66.4956,738.2838,1573.4606,1.43169,1216,OK
80,8,4,20,500,batched,64,16,19,536870912,86.3445,67.2748,64.0124,547.4418,765.1197,0.28614,19,OK
80,8,4,20,2000,serial,64,16,19,536870912,2525.8171,77.1411,256.0193,667.5732,3526.6045,4.84839,1216,OK
80,8,4,20,2000,batched,64,16,19,536870912,115.0051,66.8826,258.0277,629.6336,1069.5945,0.33879,19,OK
80,8,4,20,5000,serial,64,16,19,536870912,6174.0202,72.8107,642.4327,668.7233,7558.0472,11.63563,1216,OK
80,8,4,20,5000,batched,64,16,19,536870912,171.8350,68.0199,640.0167,432.9696,1312.8918,0.44676,19,OK
80,8,4,20,60000,serial,64,16,19,536870912,73055.3680,105.5834,7680.0228,641.5082,81482.5463,136.27289,1216,OK
80,8,4,20,60000,batched,64,16,19,536870912,1216.9498,75.4650,7680.0239,622.6543,9595.1542,2.40731,19,OK
80,8,4,21,50,serial,64,16,20,1073741824,224.9987,118.4275,6.4280,1156.1028,1506.0546,0.31984,1280,OK
80,8,4,21,50,batched,64,16,20,1073741824,153.1120,124.4383,6.4125,760.9462,1044.9999,0.25849,20,OK
80,8,4,21,500,serial,64,16,20,1073741824,811.3883,129.4181,64.0201,1386.9262,2391.8480,0.87619,1280,OK
80,8,4,21,500,batched,64,16,20,1073741824,162.2301,127.7580,66.5302,1271.9460,1628.5658,0.27007,20,OK
80,8,4,21,2000,serial,64,16,20,1073741824,2740.3563,130.8886,256.0135,1331.8257,4459.1853,2.67406,1280,OK
80,8,4,21,2000,batched,64,16,20,1073741824,193.1368,129.4242,256.0111,1287.5515,1866.2132,0.30041,20,OK
80,8,4,21,5000,serial,64,16,20,1073741824,6569.4353,146.2221,640.0179,1323.9042,8679.6832,6.25444,1280,OK
80,8,4,21,5000,batched,64,16,20,1073741824,254.0430,130.4005,644.6395,1498.7727,2527.9551,0.35804,20,OK
80,8,4,21,60000,serial,64,16,20,1073741824,76969.3151,180.4279,7680.0207,1266.9840,86096.8722,71.85130,1280,OK
80,8,4,21,60000,batched,64,16,20,1073741824,1352.4871,145.8461,7680.0312,1273.0728,10451.5615,1.39543,20,OK
80,8,4,22,50,serial,64,16,21,2147483648,382.5795,264.6796,6.4200,2227.6850,2881.5809,0.30140,1344,OK
80,8,4,22,50,batched,64,16,,,,,,,,,,OOM_SKIP
80,8,4,22,500,serial,64,16,21,2147483648,998.5566,239.8964,64.0254,2462.8730,3765.5813,0.57670,1344,OK
80,8,4,22,500,batched,64,16,,,,,,,,,,OOM_SKIP
80,8,4,22,2000,serial,64,16,21,2147483648,3016.9808,238.2534,259.2105,3128.2698,6642.9771,1.51584,1344,OK
80,8,4,22,2000,batched,64,16,,,,,,,,,,OOM_SKIP
80,8,4,22,5000,serial,64,16,21,2147483648,7041.0958,292.5246,640.5213,2881.2058,10855.6793,3.41498,1344,OK
80,8,4,22,5000,batched,64,16,,,,,,,,,,OOM_SKIP
80,8,4,22,60000,serial,64,16,21,2147483648,80965.9068,353.4600,7680.0240,2572.9070,91572.9172,37.86728,1344,OK
80,8,4,22,60000,batched,64,16,,,,,,,,,,OOM_SKIP
80,8,4,23,50,serial,64,16,22,4294967296,691.2362,475.3255,6.4236,4444.5462,5618.0173,0.27161,1408,OK
80,8,4,23,50,batched,64,16,,,,,,,,,,OOM_SKIP
80,8,4,23,500,serial,64,16,22,4294967296,1325.7374,471.8197,64.0234,4607.0754,6469.1447,0.41853,1408,OK
80,8,4,23,500,batched,64,16,,,,,,,,,,OOM_SKIP
80,8,4,23,2000,serial,64,16,22,4294967296,3440.2324,474.8579,256.0209,5081.1861,9252.8384,0.91155,1408,OK
80,8,4,23,2000,batched,64,16,,,,,,,,,,OOM_SKIP
80,8,4,23,5000,serial,64,16,22,4294967296,7661.8367,482.2381,640.0199,5760.5557,14545.2739,1.89619,1408,OK
80,8,4,23,5000,batched,64,16,,,,,,,,,,OOM_SKIP
80,8,4,23,60000,serial,64,16,22,4294967296,85111.1161,680.7542,7680.0280,5202.0671,98674.6870,19.97498,1408,OK
80,8,4,23,60000,batched,64,16,,,,,,,,,,OOM_SKIP
80,8,4,24,50,serial,64,16,23,8589934592,1292.7491,1000.6745,6.4234,8846.9480,11148.0473,0.26699,1472,OK
80,8,4,24,50,batched,64,16,,,,,,,,,,OOM_SKIP
80,8,4,24,500,serial,64,16,23,8589934592,1959.6945,1023.4793,64.8332,8440.3621,11489.6578,0.34729,1472,OK
80,8,4,24,500,batched,64,16,,,,,,,,,,OOM_SKIP
80,8,4,24,2000,serial,64,16,23,8589934592,4200.2925,1112.0638,259.1380,10554.0554,16126.7500,0.61844,1472,OK
80,8,4,24,2000,batched,64,16,,,,,,,,,,OOM_SKIP
80,8,4,24,5000,serial,64,16,23,8589934592,8590.7712,1127.9007,641.9462,10503.1510,20864.9091,1.13140,1472,OK
80,8,4,24,5000,batched,64,16,,,,,,,,,,OOM_SKIP
80,8,4,24,60000,serial,64,16,23,8589934592,89546.3121,1406.0399,7680.0210,11053.2627,109687.0641,10.58825,1472,OK
80,8,4,24,60000,batched,64,16,,,,,,,,,,OOM_SKIP
128,2,128,20,50,serial,4,16384,14,1073741824,161.9292,53.7745,0.4007,37.8533,253.9668,0.20089,56,OK
128,2,128,20,50,batched,4,16384,,,,,,,,,,CRASH
128,2,128,20,500,serial,4,16384,14,1073741824,187.2937,53.5743,4.0007,37.6756,282.5529,0.22433,56,OK
128,2,128,20,500,batched,4,16384,,,,,,,,,,CRASH
128,2,128,20,2000,serial,4,16384,14,1073741824,271.5369,53.3998,16.0007,17.3872,358.3336,0.30262,56,OK
128,2,128,20,2000,batched,4,16384,,,,,,,,,,CRASH
128,2,128,20,5000,serial,4,16384,14,1073741824,439.9484,53.8666,40.0017,38.3242,572.1508,0.45990,56,OK
128,2,128,20,5000,batched,4,16384,,,,,,,,,,CRASH
128,2,128,20,60000,serial,4,16384,14,1073741824,3519.7130,55.0575,480.0010,38.0131,4092.8437,3.32926,56,OK
128,2,128,20,60000,batched,4,16384,,,,,,,,,,CRASH
128,2,128,21,50,serial,4,16384,15,2147483648,319.6346,105.7411,0.4009,40.6346,466.4244,0.19808,60,OK
128,2,128,21,50,batched,4,16384,,,,,,,,,,OOM_SKIP
128,2,128,21,500,serial,4,16384,15,2147483648,340.1416,106.1793,4.0010,39.4229,489.7593,0.20783,60,OK
128,2,128,21,500,batched,4,16384,,,,,,,,,,OOM_SKIP
128,2,128,21,2000,serial,4,16384,15,2147483648,429.8655,105.7981,16.0012,39.1911,590.8694,0.24944,60,OK
128,2,128,21,2000,batched,4,16384,,,,,,,,,,OOM_SKIP
128,2,128,21,5000,serial,4,16384,15,2147483648,609.5708,105.5954,40.0011,38.7412,793.9215,0.33303,60,OK
128,2,128,21,5000,batched,4,16384,,,,,,,,,,OOM_SKIP
128,2,128,21,60000,serial,4,16384,15,2147483648,3912.8428,112.7936,480.0020,79.9569,4585.6112,1.87458,60,OK
128,2,128,21,60000,batched,4,16384,,,,,,,,,,OOM_SKIP
128,2,128,22,50,serial,4,16384,16,4294967296,620.5733,261.3974,0.4007,131.0033,1013.4012,0.20535,64,OK
128,2,128,22,50,batched,4,16384,,,,,,,,,,OOM_SKIP
128,2,128,22,500,serial,4,16384,16,4294967296,648.2954,261.2970,4.0009,166.2846,1079.9043,0.21178,64,OK
128,2,128,22,500,batched,4,16384,,,,,,,,,,OOM_SKIP
128,2,128,22,2000,serial,4,16384,16,4294967296,743.9929,259.5797,16.0007,166.9485,1186.5492,0.23366,64,OK
128,2,128,22,2000,batched,4,16384,,,,,,,,,,OOM_SKIP
128,2,128,22,5000,serial,4,16384,16,4294967296,939.8826,253.0489,40.0008,166.6929,1399.6487,0.27775,64,OK
128,2,128,22,5000,batched,4,16384,,,,,,,,,,OOM_SKIP
128,2,128,22,60000,serial,4,16384,16,4294967296,4469.5327,273.0312,480.0008,165.0030,5387.5983,1.10421,64,OK
128,2,128,22,60000,batched,4,16384,,,,,,,,,,OOM_SKIP
128,2,128,23,50,serial,4,16384,,,,,,,,,,OOM_SKIP
128,2,128,23,50,batched,4,16384,,,,,,,,,,OOM_SKIP
128,2,128,23,500,serial,4,16384,,,,,,,,,,OOM_SKIP
128,2,128,23,500,batched,4,16384,,,,,,,,,,OOM_SKIP
128,2,128,23,2000,serial,4,16384,,,,,,,,,,OOM_SKIP
128,2,128,23,2000,batched,4,16384,,,,,,,,,,OOM_SKIP
128,2,128,23,5000,serial,4,16384,,,,,,,,,,OOM_SKIP
128,2,128,23,5000,batched,4,16384,,,,,,,,,,OOM_SKIP
128,2,128,23,60000,serial,4,16384,,,,,,,,,,OOM_SKIP
128,2,128,23,60000,batched,4,16384,,,,,,,,,,OOM_SKIP
128,2,128,24,50,serial,4,16384,,,,,,,,,,OOM_SKIP
128,2,128,24,50,batched,4,16384,,,,,,,,,,OOM_SKIP
128,2,128,24,500,serial,4,16384,,,,,,,,,,OOM_SKIP
128,2,128,24,500,batched,4,16384,,,,,,,,,,OOM_SKIP
128,2,128,24,2000,serial,4,16384,,,,,,,,,,OOM_SKIP
128,2,128,24,2000,batched,4,16384,,,,,,,,,,OOM_SKIP
128,2,128,24,5000,serial,4,16384,,,,,,,,,,OOM_SKIP
128,2,128,24,5000,batched,4,16384,,,,,,,,,,OOM_SKIP
128,2,128,24,60000,serial,4,16384,,,,,,,,,,OOM_SKIP
128,2,128,24,60000,batched,4,16384,,,,,,,,,,OOM_SKIP
128,4,16,20,50,serial,16,256,17,536870912,94.0876,33.9749,1.6041,126.5028,256.1821,0.23853,272,OK
128,4,16,20,50,batched,16,256,17,536870912,78.7042,33.1460,1.6029,128.9523,242.4193,0.20834,17,OK
128,4,16,20,500,serial,16,256,17,536870912,214.6509,36.3200,16.0064,83.9610,350.9513,0.46747,272,OK
128,4,16,20,500,batched,16,256,17,536870912,86.2815,34.6010,16.0029,126.9871,263.8852,0.22516,17,OK
128,4,16,20,2000,serial,16,256,17,536870912,624.7227,37.7602,64.0045,116.3630,842.8652,1.23397,272,OK
128,4,16,20,2000,batched,16,256,17,536870912,113.0274,35.1726,64.0028,128.5410,340.7563,0.27604,17,OK
128,4,16,20,5000,serial,16,256,17,536870912,1439.0878,37.8251,160.0048,194.2938,1831.2260,2.75096,272,OK
128,4,16,20,5000,batched,16,256,17,536870912,162.7621,32.5957,160.0049,123.4059,478.7813,0.36388,17,OK
128,4,16,20,60000,serial,16,256,17,536870912,16400.2818,48.5120,1920.0053,158.6021,18527.4193,30.63827,272,OK
128,4,16,20,60000,batched,16,256,17,536870912,1098.0325,40.7222,1920.0061,181.0214,3239.7961,2.12110,17,OK
128,4,16,21,50,serial,16,256,18,1073741824,168.7969,67.6088,1.6044,239.7081,477.7449,0.22017,288,OK
128,4,16,21,50,batched,16,256,18,1073741824,154.5233,70.0966,1.6032,209.2874,435.5358,0.20919,18,OK
128,4,16,21,500,serial,16,256,18,1073741824,298.0515,67.0624,16.0041,160.7419,541.8851,0.34004,288,OK
128,4,16,21,500,batched,16,256,18,1073741824,163.0717,66.2444,16.0039,164.5580,409.9047,0.21357,18,OK
128,4,16,21,2000,serial,16,256,18,1073741824,750.9563,69.7630,64.0030,165.2633,1050.0138,0.76435,288,OK
128,4,16,21,2000,batched,16,256,18,1073741824,189.5007,66.1543,64.0049,264.4685,584.1558,0.23810,18,OK
128,4,16,21,5000,serial,16,256,18,1073741824,1594.7916,71.7527,160.0054,213.5457,2040.1250,1.55209,288,OK
128,4,16,21,5000,batched,16,256,18,1073741824,243.8015,71.3589,163.8666,218.8736,697.9293,0.29352,18,OK
128,4,16,21,60000,serial,16,256,18,1073741824,17440.5269,102.1269,1920.0073,329.5343,19792.2332,16.33787,288,OK
128,4,16,21,60000,batched,16,256,18,1073741824,1233.5226,69.2925,1920.0080,337.9007,3560.7567,1.21334,18,OK
128,4,16,22,50,serial,16,256,19,2147483648,319.9015,155.5087,1.6037,498.9524,976.0293,0.22138,304,OK
128,4,16,22,50,batched,16,256,,,,,,,,,,OOM_SKIP
128,4,16,22,500,serial,16,256,19,2147483648,458.6050,154.4851,16.0043,497.7009,1126.8538,0.28549,304,OK
128,4,16,22,500,batched,16,256,,,,,,,,,,OOM_SKIP
128,4,16,22,2000,serial,16,256,19,2147483648,920.9453,154.3110,64.0044,556.4046,1695.7274,0.50071,304,OK
128,4,16,22,2000,batched,16,256,,,,,,,,,,OOM_SKIP
128,4,16,22,5000,serial,16,256,19,2147483648,1830.1841,160.4755,160.0033,639.7859,2790.5093,0.92697,304,OK
128,4,16,22,5000,batched,16,256,,,,,,,,,,OOM_SKIP
128,4,16,22,60000,serial,16,256,19,2147483648,18548.7735,218.9318,1920.0059,651.2913,21339.0846,8.73939,304,OK
128,4,16,22,60000,batched,16,256,,,,,,,,,,OOM_SKIP
128,4,16,23,50,serial,16,256,20,4294967296,620.0324,306.5209,1.6069,878.6592,1806.9550,0.21573,320,OK
128,4,16,23,50,batched,16,256,,,,,,,,,,OOM_SKIP
128,4,16,23,500,serial,16,256,20,4294967296,764.2285,316.8050,16.0028,951.0054,2048.1767,0.25170,320,OK
128,4,16,23,500,batched,16,256,,,,,,,,,,OOM_SKIP
128,4,16,23,2000,serial,16,256,20,4294967296,1246.7711,319.6901,64.0034,1007.1858,2637.7869,0.36472,320,OK
128,4,16,23,2000,batched,16,256,,,,,,,,,,OOM_SKIP
128,4,16,23,5000,serial,16,256,20,4294967296,2209.0254,318.8683,160.0034,1106.5253,3794.5633,0.58857,320,OK
128,4,16,23,5000,batched,16,256,,,,,,,,,,OOM_SKIP
128,4,16,23,60000,serial,16,256,20,4294967296,19805.9654,381.3691,1920.0049,1320.7066,23428.2352,4.70023,320,OK
128,4,16,23,60000,batched,16,256,,,,,,,,,,OOM_SKIP
128,4,16,24,50,serial,16,256,21,8589934592,1220.8605,608.3706,1.6037,1663.8673,3495.0198,0.21295,336,OK
128,4,16,24,50,batched,16,256,,,,,,,,,,OOM_SKIP
128,4,16,24,500,serial,16,256,21,8589934592,1373.3329,610.3188,16.0028,1666.0458,3666.0184,0.23093,336,OK
128,4,16,24,500,batched,16,256,,,,,,,,,,OOM_SKIP
128,4,16,24,2000,serial,16,256,21,8589934592,1876.5627,605.6969,64.0080,1689.0726,4235.6559,0.28897,336,OK
128,4,16,24,2000,batched,16,256,,,,,,,,,,OOM_SKIP
128,4,16,24,5000,serial,16,256,21,8589934592,2886.6335,604.3628,160.0032,1756.9207,5408.2508,0.40641,336,OK
128,4,16,24,5000,batched,16,256,,,,,,,,,,OOM_SKIP
128,4,16,24,60000,serial,16,256,21,8589934592,21372.1901,662.3807,1920.0040,2751.9445,26706.9006,2.56516,336,OK
128,4,16,24,60000,batched,16,256,,,,,,,,,,OOM_SKIP
128,8,8,20,50,serial,64,64,18,1073741824,217.6072,87.7403,6.4205,626.8075,938.6224,0.28438,1152,OK
128,8,8,20,50,batched,64,64,18,1073741824,154.1892,85.2164,6.4473,574.2739,820.1750,0.22296,18,OK
128,8,8,20,500,serial,64,64,18,1073741824,745.7461,87.4722,64.0232,769.2995,1666.5924,0.77599,1152,OK
128,8,8,20,500,batched,64,64,18,1073741824,162.3547,82.6710,64.3593,527.5051,836.9375,0.22820,18,OK
128,8,8,20,2000,serial,64,64,18,1073741824,2473.4784,95.4630,256.0197,628.7176,3453.7340,2.39251,1152,OK
128,8,8,20,2000,batched,64,64,18,1073741824,189.6709,86.2518,256.0126,429.3891,961.3778,0.25697,18,OK
128,8,8,20,5000,serial,64,64,18,1073741824,5921.0785,99.8497,640.0136,664.6999,7325.6978,5.60743,1152,OK
128,8,8,20,5000,batched,64,64,18,1073741824,245.2875,86.0431,640.0135,769.1603,1740.5553,0.30858,18,OK
128,8,8,20,60000,serial,64,64,18,1073741824,69287.3957,112.4806,7680.0208,625.6773,77705.6337,64.63367,1152,OK
128,8,8,20,60000,batched,64,64,18,1073741824,1233.6503,107.8305,7680.0482,630.8263,9652.4107,1.24935,18,OK
128,8,8,21,50,serial,64,64,19,2147483648,377.4972,172.8199,6.4193,1053.8977,1610.7335,0.25626,1216,OK
128,8,8,21,50,batched,64,64,,,,,,,,,,OOM_SKIP
128,8,8,21,500,serial,64,64,19,2147483648,933.0413,168.1290,64.0187,1451.7535,2617.0478,0.51277,1216,OK
128,8,8,21,500,batched,64,64,,,,,,,,,,OOM_SKIP
128,8,8,21,2000,serial,64,64,19,2147483648,2745.5905,172.2794,276.7903,1336.2853,4531.0493,1.35874,1216,OK
128,8,8,21,2000,batched,64,64,,,,,,,,,,OOM_SKIP
128,8,8,21,5000,serial,64,64,19,2147483648,6395.5859,179.5604,640.6795,1268.8513,8484.7979,3.06179,1216,OK
128,8,8,21,5000,batched,64,64,,,,,,,,,,OOM_SKIP
128,8,8,21,60000,serial,64,64,19,2147483648,73278.3074,213.6894,7680.0202,1269.1117,82441.2583,34.22238,1216,OK
128,8,8,21,60000,batched,64,64,,,,,,,,,,OOM_SKIP
128,8,8,22,50,serial,64,64,20,4294967296,674.4295,366.9302,6.4153,2434.8028,3482.7963,0.24246,1280,OK
128,8,8,22,50,batched,64,64,,,,,,,,,,OOM_SKIP
128,8,8,22,500,serial,64,64,20,4294967296,1263.5410,357.6333,64.0176,2463.3200,4148.7476,0.37746,1280,OK
128,8,8,22,500,batched,64,64,,,,,,,,,,OOM_SKIP
128,8,8,22,2000,serial,64,64,20,4294967296,3188.1631,356.3871,258.5955,2999.7617,6803.1348,0.82528,1280,OK
128,8,8,22,2000,batched,64,64,,,,,,,,,,OOM_SKIP
128,8,8,22,5000,serial,64,64,20,4294967296,7026.2987,384.0516,640.2103,2741.1470,10791.9883,1.72536,1280,OK
128,8,8,22,5000,batched,64,64,,,,,,,,,,OOM_SKIP
128,8,8,22,60000,serial,64,64,20,4294967296,77418.8297,471.3246,7680.0247,2612.2109,88182.6788,18.13521,1280,OK
128,8,8,22,60000,batched,64,64,,,,,,,,,,OOM_SKIP
128,8,8,23,50,serial,64,64,21,8589934592,1285.2356,720.0935,6.4177,4319.5895,6331.9013,0.23345,1344,OK
128,8,8,23,50,batched,64,64,,,,,,,,,,OOM_SKIP
128,8,8,23,500,serial,64,64,21,8589934592,1893.5599,723.2939,64.0118,4406.0537,7087.7741,0.30464,1344,OK
128,8,8,23,500,batched,64,64,,,,,,,,,,OOM_SKIP
128,8,8,23,2000,serial,64,64,21,8589934592,3922.1729,725.6907,256.0203,5039.6121,9944.0437,0.54108,1344,OK
128,8,8,23,2000,batched,64,64,,,,,,,,,,OOM_SKIP
128,8,8,23,5000,serial,64,64,21,8589934592,7952.1490,724.7229,640.0189,6145.8860,15463.3521,1.01012,1344,OK
128,8,8,23,5000,batched,64,64,,,,,,,,,,OOM_SKIP
128,8,8,23,60000,serial,64,64,21,8589934592,81857.0084,891.4827,7680.0210,5259.1200,95688.3027,9.63319,1344,OK
128,8,8,23,60000,batched,64,64,,,,,,,,,,OOM_SKIP
128,8,8,24,50,serial,64,64,22,17179869184,2482.3036,1448.3905,6.4146,8508.6714,12448.1397,0.22880,1408,OK
128,8,8,24,50,batched,64,64,,,,,,,,,,OOM_SKIP
128,8,8,24,500,serial,64,64,22,17179869184,3120.3715,1445.0021,64.0153,8663.9262,13294.5691,0.26574,1408,OK
128,8,8,24,500,batched,64,64,,,,,,,,,,OOM_SKIP
128,8,8,24,2000,serial,64,64,22,17179869184,5223.1960,1443.9608,256.1717,9113.7998,16040.1214,0.38808,1408,OK
128,8,8,24,2000,batched,64,64,,,,,,,,,,OOM_SKIP
128,8,8,24,5000,serial,64,64,22,17179869184,9450.7737,1437.9376,640.6434,10073.9734,21604.5451,0.63381,1408,OK
128,8,8,24,5000,batched,64,64,,,,,,,,,,OOM_SKIP
128,8,8,24,60000,serial,64,64,22,17179869184,86903.3293,1890.5302,7680.0282,10936.3007,107411.6617,5.16848,1408,OK
128,8,8,24,60000,batched,64,64,,,,,,,,,,OOM_SKIP
