lambda,c,t,logN,tier,rtt_us,blocks,B_per_block,n,leaves,expand_ms,convert_ms,beaver_ms,ntt_ms,wall_ms,ns_per_leaf,exchanges,status
80,2,64,20,nvlink,5,4,4096,15,536870912,91.2668,28.9269,0.0409,628.5856,748.8255,0.22388,60,OK
80,2,64,20,pcie,16,4,4096,15,536870912,79.4164,26.6279,0.1291,593.4537,699.6320,0.19752,60,OK
80,2,64,20,loopback,25.2,4,4096,15,536870912,80.0922,27.3135,0.2023,602.7891,710.4023,0.20006,60,OK
80,2,64,20,dc,50,4,4096,15,536870912,81.4995,26.8323,0.4007,601.1955,709.9324,0.20178,60,OK
80,2,64,20,wan,2000,4,4096,15,536870912,198.7963,27.2347,16.0011,630.4819,872.5200,0.42102,60,OK
80,2,64,21,nvlink,5,4,4096,16,1073741824,155.5167,53.4948,0.0408,1312.8905,1521.9529,0.19466,64,OK
80,2,64,21,pcie,16,4,4096,16,1073741824,156.1956,53.5176,0.1288,1301.7444,1511.5967,0.19531,64,OK
80,2,64,21,loopback,25.2,4,4096,16,1073741824,156.5953,52.1963,0.2022,1293.3039,1502.3084,0.19445,64,OK
80,2,64,21,dc,50,4,4096,16,1073741824,158.6059,53.0426,0.4007,1312.8326,1524.8901,0.19711,64,OK
80,2,64,21,wan,2000,4,4096,16,1073741824,283.1197,52.1539,16.0008,1298.3862,1649.6695,0.31225,64,OK
80,2,64,22,nvlink,5,4,4096,17,2147483648,310.1129,128.9876,0.0408,2818.1198,3257.2784,0.20447,68,OK
80,2,64,22,pcie,16,4,4096,17,2147483648,310.1118,126.4647,0.1288,2764.1046,3200.8294,0.20330,68,OK
80,2,64,22,loopback,25.2,4,4096,17,2147483648,310.5488,127.5641,0.2025,2790.7626,3229.0973,0.20401,68,OK
80,2,64,22,dc,50,4,4096,17,2147483648,312.9681,127.1451,0.4008,2818.5923,3259.1235,0.20494,68,OK
80,2,64,22,wan,2000,4,4096,17,2147483648,444.6133,127.2546,16.0009,2802.4787,3390.3683,0.26630,68,OK
80,2,64,23,nvlink,5,4,4096,18,4294967296,704.1961,253.8432,0.0409,5779.9166,6738.0407,0.22306,72,OK
80,2,64,23,pcie,16,4,4096,18,4294967296,720.9798,255.9027,0.1289,5825.3213,6802.3732,0.22745,72,OK
80,2,64,23,loopback,25.2,4,4096,18,4294967296,711.6680,255.7856,0.2024,5847.5928,6815.2875,0.22525,72,OK
80,2,64,23,dc,50,4,4096,18,4294967296,720.7142,252.7298,0.4068,5843.3445,6817.2338,0.22665,72,OK
80,2,64,23,wan,2000,4,4096,18,4294967296,860.5179,252.4136,18.9284,5841.5744,6973.4752,0.25912,72,OK
80,2,64,24,nvlink,5,4,4096,,,,,,,,,,CRASH
80,2,64,24,pcie,16,4,4096,,,,,,,,,,CRASH
80,2,64,24,loopback,25.2,4,4096,,,,,,,,,,CRASH
80,2,64,24,dc,50,4,4096,,,,,,,,,,CRASH
80,2,64,24,wan,2000,4,4096,,,,,,,,,,CRASH
80,4,16,20,nvlink,5,16,256,17,536870912,79.5880,33.7320,0.1660,709.2176,822.7173,0.21107,272,OK
80,4,16,20,pcie,16,16,256,17,536870912,82.9941,36.2007,0.5161,664.6140,784.3391,0.22202,272,OK
80,4,16,20,loopback,25.2,16,256,17,536870912,85.4134,36.1608,0.8107,718.8896,841.2899,0.22645,272,OK
80,4,16,20,dc,50,16,256,17,536870912,92.2866,35.6286,1.6041,709.6402,839.1729,0.23826,272,OK
80,4,16,20,wan,2000,16,256,17,536870912,622.4119,33.7969,66.8443,737.6199,1460.6872,1.22228,272,OK
80,4,16,21,nvlink,5,16,256,18,1073741824,155.4353,63.6918,0.1644,1556.8499,1776.1684,0.20408,288,OK
80,4,16,21,pcie,16,16,256,18,1073741824,158.7576,63.7682,0.5159,1538.8369,1761.9069,0.20724,288,OK
80,4,16,21,loopback,25.2,16,256,18,1073741824,161.2549,64.3471,0.8115,1561.7510,1788.1906,0.21011,288,OK
80,4,16,21,dc,50,16,256,18,1073741824,168.7248,64.3719,1.6100,1565.6627,1800.3943,0.21709,288,OK
80,4,16,21,wan,2000,16,256,18,1073741824,733.7218,64.3567,64.0052,1556.1863,2418.2990,0.74327,288,OK
80,4,16,22,nvlink,5,16,256,19,2147483648,308.8534,150.8746,0.1648,3345.3404,3805.3008,0.21408,304,OK
80,4,16,22,pcie,16,16,256,19,2147483648,314.0936,147.8140,0.5160,3332.5075,3794.9934,0.21509,304,OK
80,4,16,22,loopback,25.2,16,256,19,2147483648,317.0473,149.1660,0.8107,3442.0218,3909.1067,0.21710,304,OK
80,4,16,22,dc,50,16,256,19,2147483648,320.7238,150.3692,1.6050,3307.5696,3780.3287,0.21937,304,OK
80,4,16,22,wan,2000,16,256,19,2147483648,924.0992,154.8811,64.0052,3260.4613,4403.5137,0.50244,304,OK
80,4,16,23,nvlink,5,16,256,20,4294967296,606.1924,323.8950,0.1635,7000.5531,7930.9310,0.21655,320,OK
80,4,16,23,pcie,16,16,256,20,4294967296,610.4719,304.9540,0.5165,6898.3040,7814.3932,0.21314,320,OK
80,4,16,23,loopback,25.2,16,256,20,4294967296,614.0164,319.6387,0.8131,7003.3649,7937.9580,0.21738,320,OK
80,4,16,23,dc,50,16,256,20,4294967296,621.4468,306.5003,1.6070,6911.6416,7841.3314,0.21605,320,OK
80,4,16,23,wan,2000,16,256,20,4294967296,1254.4796,307.0060,64.0061,6885.2115,8510.8444,0.36356,320,OK
80,4,16,24,nvlink,5,16,256,21,8589934592,1206.0325,619.2612,0.1629,14048.0981,15873.9064,0.21249,336,OK
80,4,16,24,pcie,16,16,256,21,8589934592,1215.6201,612.3188,0.5156,14093.4651,15922.2563,0.21280,336,OK
80,4,16,24,loopback,25.2,16,256,21,8589934592,1215.7196,640.3766,0.8111,14371.6370,16228.8498,0.21608,336,OK
80,4,16,24,dc,50,16,256,21,8589934592,1222.7402,610.1039,1.6038,14250.3483,16085.1560,0.21337,336,OK
80,4,16,24,wan,2000,16,256,21,8589934592,1882.7590,636.7562,64.0039,14404.0280,16987.8730,0.29331,336,OK
80,8,4,20,nvlink,5,64,16,19,536870912,89.6672,61.6548,0.6619,1216.4500,1368.4885,0.28186,1216,OK
80,8,4,20,pcie,16,64,16,19,536870912,107.1417,60.6030,2.0760,1241.0271,1410.8977,0.31245,1216,OK
80,8,4,20,loopback,25.2,64,16,19,536870912,115.1948,71.3893,3.2356,1235.4327,1425.3028,0.34754,1216,OK
80,8,4,20,dc,50,64,16,19,536870912,149.1228,70.9977,6.4115,2143.7477,2370.3346,0.41001,1216,OK
80,8,4,20,wan,2000,64,16,19,536870912,2534.7271,70.3717,256.0176,1347.7477,4208.9139,4.85237,1216,OK
80,8,4,21,nvlink,5,64,16,20,1073741824,169.8010,134.1886,0.6540,2948.3645,3253.1027,0.28311,1280,OK
80,8,4,21,pcie,16,64,16,20,1073741824,185.6005,111.1438,2.0742,2405.4881,2704.4038,0.27636,1280,OK
80,8,4,21,loopback,25.2,64,16,20,1073741824,193.0783,129.3854,3.2410,2074.3266,2400.1261,0.30032,1280,OK
80,8,4,21,dc,50,64,16,20,1073741824,226.5538,127.9748,6.4189,2132.4627,2493.5055,0.33018,1280,OK
80,8,4,21,wan,2000,64,16,20,1073741824,2737.2313,112.9217,256.2545,2745.0012,5851.5180,2.65441,1280,OK
80,8,4,22,nvlink,5,64,16,21,2147483648,325.4085,269.4865,0.6597,5796.1970,6391.9752,0.27702,1344,OK
80,8,4,22,pcie,16,64,16,21,2147483648,334.9627,241.9506,2.0761,5264.6215,5843.8176,0.26865,1344,OK
80,8,4,22,loopback,25.2,64,16,21,2147483648,348.8502,267.4310,3.2421,5650.9256,6270.6709,0.28698,1344,OK
80,8,4,22,dc,50,64,16,21,2147483648,381.4681,237.1451,6.4121,5241.1788,5866.4265,0.28806,1344,OK
80,8,4,22,wan,2000,64,16,21,2147483648,3020.7194,241.1613,256.0246,5674.0021,9192.1569,1.51893,1344,OK
80,8,4,23,nvlink,5,64,16,22,4294967296,624.8442,483.7279,1.6930,11768.9953,12879.7999,0.25811,1408,OK
80,8,4,23,pcie,16,64,16,22,4294967296,642.0738,476.7832,2.0744,11691.0284,12812.4413,0.26050,1408,OK
80,8,4,23,loopback,25.2,64,16,22,4294967296,655.1234,479.4605,3.2475,11746.7954,12885.1254,0.26417,1408,OK
80,8,4,23,dc,50,64,16,22,4294967296,691.2476,480.3672,6.4101,11734.4917,12912.9891,0.27279,1408,OK
80,8,4,23,wan,2000,64,16,22,4294967296,3466.5451,478.6119,258.1597,11126.7083,15330.4982,0.91855,1408,OK
80,8,4,24,nvlink,5,64,16,23,8589934592,1227.5017,1032.0585,0.6497,23782.9041,26044.1099,0.26305,1472,OK
80,8,4,24,pcie,16,64,16,23,8589934592,1246.5614,1028.8701,2.0582,23623.6726,25902.1532,0.26490,1472,OK
80,8,4,24,loopback,25.2,64,16,23,8589934592,1260.4857,1043.7484,3.2377,23698.0391,26006.4976,0.26825,1472,OK
80,8,4,24,dc,50,64,16,23,8589934592,1297.5483,1022.6157,6.4103,23698.8084,26027.0372,0.27010,1472,OK
80,8,4,24,wan,2000,64,16,,,,,,,,,,CRASH
128,2,128,20,nvlink,5,4,16384,14,1073741824,213.1459,67.5252,0.0407,614.5766,895.2952,0.26140,56,OK
128,2,128,20,pcie,16,4,16384,14,1073741824,211.8592,67.5937,0.1287,614.1291,893.7172,0.26026,56,OK
128,2,128,20,loopback,25.2,4,16384,14,1073741824,214.0768,65.6990,0.2023,614.2380,894.2226,0.26056,56,OK
128,2,128,20,dc,50,4,16384,14,1073741824,212.4320,67.3133,0.4006,614.8744,895.0270,0.26053,56,OK
128,2,128,20,wan,2000,4,16384,14,1073741824,383.4024,94.0222,16.0007,616.5042,1109.9359,0.44464,56,OK
128,2,128,21,nvlink,5,4,16384,15,2147483648,465.3208,132.6365,0.0408,1428.6681,2026.6785,0.27845,60,OK
128,2,128,21,pcie,16,4,16384,15,2147483648,466.2622,133.7575,0.1287,1352.7008,1952.8595,0.27941,60,OK
128,2,128,21,loopback,25.2,4,16384,15,2147483648,536.8304,136.2297,0.2023,1329.3145,2002.5894,0.31342,60,OK
128,2,128,21,dc,50,4,16384,15,2147483648,423.3808,103.4826,0.4006,1419.3934,1946.6709,0.24534,60,OK
128,2,128,21,wan,2000,4,16384,15,2147483648,444.0958,101.7987,16.0008,1340.1561,1902.0619,0.25420,60,OK
128,2,128,22,nvlink,5,4,16384,16,4294967296,925.5922,245.6938,0.0406,2808.8522,3980.2005,0.27271,64,OK
128,2,128,22,pcie,16,4,16384,16,4294967296,895.1946,277.3469,0.1287,3113.1200,4285.8133,0.27300,64,OK
128,2,128,22,loopback,25.2,4,16384,16,4294967296,944.0920,250.2068,0.2023,3053.0744,4247.6031,0.27807,64,OK
128,2,128,22,dc,50,4,16384,16,4294967296,943.6425,248.2539,0.4009,3142.0262,4334.3484,0.27751,64,OK
128,2,128,22,wan,2000,4,16384,16,4294967296,1067.7748,254.4646,16.0008,2822.0169,4160.2819,0.30786,64,OK
128,2,128,23,nvlink,5,4,16384,,,,,,,,,,CRASH
128,2,128,23,pcie,16,4,16384,,,,,,,,,,CRASH
128,2,128,23,loopback,25.2,4,16384,,,,,,,,,,CRASH
128,2,128,23,dc,50,4,16384,,,,,,,,,,CRASH
128,2,128,23,wan,2000,4,16384,,,,,,,,,,CRASH
128,2,128,24,nvlink,5,4,16384,,,,,,,,,,OOM_SKIP
128,2,128,24,pcie,16,4,16384,,,,,,,,,,OOM_SKIP
128,2,128,24,loopback,25.2,4,16384,,,,,,,,,,OOM_SKIP
128,2,128,24,dc,50,4,16384,,,,,,,,,,OOM_SKIP
128,2,128,24,wan,2000,4,16384,,,,,,,,,,OOM_SKIP
128,4,16,20,nvlink,5,16,256,17,536870912,79.7600,34.4447,0.1627,901.1144,1015.4965,0.21272,272,OK
128,4,16,20,pcie,16,16,256,17,536870912,82.6511,34.1146,0.5144,849.6140,966.9120,0.21749,272,OK
128,4,16,20,loopback,25.2,16,256,17,536870912,85.5840,36.9514,0.8091,902.0766,1025.4397,0.22824,272,OK
128,4,16,20,dc,50,16,256,17,536870912,91.9608,33.8251,1.6027,711.7997,839.2008,0.23429,272,OK
128,4,16,20,wan,2000,16,256,17,536870912,624.7296,33.8840,64.0026,731.7310,1454.3610,1.22676,272,OK
128,4,16,21,nvlink,5,16,256,18,1073741824,158.0077,67.9301,0.1630,2120.4535,2346.5869,0.21042,288,OK
128,4,16,21,pcie,16,16,256,18,1073741824,158.5829,64.0269,0.5146,1582.0360,1805.1861,0.20732,288,OK
128,4,16,21,loopback,25.2,16,256,18,1073741824,161.7391,69.7840,0.8090,1727.1822,1959.5489,0.21562,288,OK
128,4,16,21,dc,50,16,256,18,1073741824,169.0614,68.3116,1.6026,2209.0617,2448.0698,0.22107,288,OK
128,4,16,21,wan,2000,16,256,18,1073741824,749.1581,67.4751,66.2014,2177.5719,3060.4388,0.76055,288,OK
128,4,16,22,nvlink,5,16,256,19,2147483648,308.1182,163.7104,0.1629,3684.6420,4156.7062,0.21971,304,OK
128,4,16,22,pcie,16,16,256,19,2147483648,315.6502,150.9491,0.5148,3687.1554,4154.3475,0.21728,304,OK
128,4,16,22,loopback,25.2,16,256,19,2147483648,312.8265,160.1543,0.8091,3422.4751,3896.3206,0.22025,304,OK
128,4,16,22,dc,50,16,256,19,2147483648,321.0000,158.2085,1.6027,4564.7305,5045.6143,0.22315,304,OK
128,4,16,22,wan,2000,16,256,19,2147483648,924.3227,161.1561,69.8285,3528.0316,4683.4029,0.50547,304,OK
128,4,16,23,nvlink,5,16,256,20,4294967296,608.4532,316.8732,0.1628,7723.7078,8649.3159,0.21544,320,OK
128,4,16,23,pcie,16,16,256,20,4294967296,620.0066,372.9378,0.5174,8476.2846,9469.8764,0.23119,320,OK
128,4,16,23,loopback,25.2,16,256,20,4294967296,612.5776,320.4746,0.8090,7825.4278,8759.9655,0.21724,320,OK
128,4,16,23,dc,50,16,256,20,4294967296,621.4605,388.8059,1.6026,8292.0091,9304.0012,0.23522,320,OK
128,4,16,23,wan,2000,16,256,20,4294967296,1267.8232,368.9357,68.1681,8866.4800,10571.5390,0.38109,320,OK
128,4,16,24,nvlink,5,16,256,21,8589934592,1218.1589,643.2281,0.1626,17135.4674,18997.2868,0.21669,336,OK
128,4,16,24,pcie,16,16,256,21,8589934592,1221.2434,739.9634,0.5150,17815.0480,19777.0558,0.22831,336,OK
128,4,16,24,loopback,25.2,16,256,21,8589934592,1235.6154,672.0396,0.8091,17957.4757,19866.2123,0.22208,336,OK
128,4,16,24,dc,50,16,256,21,8589934592,1242.4030,739.3334,1.6028,17446.5876,19430.2010,0.23070,336,OK
128,4,16,24,wan,2000,16,256,21,8589934592,1919.7536,780.3776,64.0032,17827.6952,20592.1007,0.31434,336,OK
128,8,8,20,nvlink,5,64,64,18,1073741824,168.2059,88.7150,0.6504,2254.6202,2512.2568,0.23928,1152,OK
128,8,8,20,pcie,16,64,64,18,1073741824,184.0116,100.7781,2.0615,1933.8778,2220.7918,0.26523,1152,OK
128,8,8,20,loopback,25.2,64,64,18,1073741824,197.4521,98.7058,3.2368,1862.7955,2162.2502,0.27582,1152,OK
128,8,8,20,dc,50,64,64,18,1073741824,228.2142,92.2300,6.4112,1417.0933,1744.0173,0.29844,1152,OK
128,8,8,20,wan,2000,64,64,18,1073741824,2511.1933,109.4686,257.9156,1433.4186,4312.0610,2.44068,1152,OK
128,8,8,21,nvlink,5,64,64,19,2147483648,320.9775,185.9815,0.6511,3397.3293,3905.0680,0.23607,1216,OK
128,8,8,21,pcie,16,64,64,19,2147483648,333.7185,195.7960,2.0592,3060.0755,3591.7469,0.24657,1216,OK
128,8,8,21,loopback,25.2,64,64,19,2147483648,347.1425,183.2847,3.2370,3354.3942,3888.1546,0.24700,1216,OK
128,8,8,21,dc,50,64,64,19,2147483648,371.4032,173.6186,7.0243,2249.4418,2801.5971,0.25380,1216,OK
128,8,8,21,wan,2000,64,64,19,2147483648,2761.5704,184.6871,264.0774,2819.9666,6030.4102,1.37196,1216,OK
128,8,8,22,nvlink,5,64,64,20,4294967296,622.7579,419.3414,0.6505,6658.6121,7701.5875,0.24263,1280,OK
128,8,8,22,pcie,16,64,64,20,4294967296,640.2645,443.6146,2.0592,5712.8809,6799.0341,0.25236,1280,OK
128,8,8,22,loopback,25.2,64,64,20,4294967296,649.3664,454.7692,3.2371,7308.7506,8416.3403,0.25708,1280,OK
128,8,8,22,dc,50,64,64,20,4294967296,687.3186,382.0042,6.4102,6163.4961,7239.4555,0.24897,1280,OK
128,8,8,22,wan,2000,64,64,20,4294967296,3221.4241,415.0923,258.7180,8146.2830,12041.7766,0.84669,1280,OK
128,8,8,23,nvlink,5,64,64,21,8589934592,1223.9868,898.8532,0.6509,11930.8026,14054.7605,0.24713,1344,OK
128,8,8,23,pcie,16,64,64,21,8589934592,1249.2075,849.6963,2.0584,15771.8180,17873.2347,0.24434,1344,OK
128,8,8,23,loopback,25.2,64,64,21,8589934592,1250.5342,757.2580,3.2367,12476.5017,14488.0025,0.23374,1344,OK
128,8,8,23,dc,50,64,64,21,8589934592,1281.5975,711.0955,6.4113,11424.3641,13423.9397,0.23198,1344,OK
128,8,8,23,wan,2000,64,64,21,8589934592,3930.0677,765.8333,256.0104,11348.5243,16300.8946,0.54667,1344,OK
128,8,8,24,nvlink,5,64,64,22,17179869184,2423.6714,1513.2070,0.6503,23591.5379,27530.0415,0.22916,1408,OK
128,8,8,24,pcie,16,64,64,22,17179869184,2445.0517,1586.9607,2.0670,24513.1138,28548.4406,0.23469,1408,OK
128,8,8,24,loopback,25.2,64,64,22,17179869184,2457.3537,1581.9074,3.2412,24188.1416,28231.8343,0.23512,1408,OK
128,8,8,24,dc,50,64,64,22,17179869184,2489.5151,1571.0149,6.4195,24137.5299,28205.7072,0.23635,1408,OK
128,8,8,24,wan,2000,64,64,22,17179869184,5249.2596,1602.9264,256.0210,23682.4178,30791.9111,0.39885,1408,OK
