lambda,c,t,logN,tier,rtt_us,arm,blocks,B_per_block,n,leaves,expand_ms,convert_ms,beaver_ms,ntt_ms,wall_ms,ns_per_leaf,exchanges,status
80,2,64,20,nvlink,5,serial,4,4096,15,536870912,78.7024,27.4394,0.0407,18.9549,125.1425,0.19770,60,OK
80,2,64,20,nvlink,5,batched,4,4096,15,536870912,78.2339,26.9333,0.0410,18.3543,123.5666,0.19589,15,OK
80,2,64,20,loopback,25.2,serial,4,4096,15,536870912,79.6773,28.7818,0.2023,38.2723,146.9506,0.20202,60,OK
80,2,64,20,loopback,25.2,batched,4,4096,15,536870912,78.5663,26.5454,0.2027,20.1002,125.4200,0.19579,15,OK
80,2,64,20,wan,2000,serial,4,4096,15,536870912,198.2557,27.1832,16.0007,17.6762,259.1207,0.41991,60,OK
80,2,64,20,wan,2000,batched,4,4096,15,536870912,108.3213,26.7784,16.0008,18.1735,169.2780,0.25164,15,OK
80,2,64,21,nvlink,5,serial,4,4096,16,1073741824,155.7804,56.6116,0.0409,38.3257,250.7680,0.19781,64,OK
80,2,64,21,nvlink,5,batched,4,4096,16,1073741824,155.2231,55.4107,0.0412,37.7768,248.4602,0.19617,16,OK
80,2,64,21,loopback,25.2,serial,4,4096,16,1073741824,156.7498,56.2321,0.2025,38.5045,251.6977,0.19835,64,OK
80,2,64,21,loopback,25.2,batched,4,4096,16,1073741824,155.6285,55.4606,0.2028,38.0880,249.3886,0.19659,16,OK
80,2,64,21,wan,2000,serial,4,4096,16,1073741824,283.0900,55.7542,16.0009,37.8070,392.6606,0.31557,64,OK
80,2,64,21,wan,2000,batched,4,4096,16,1073741824,187.1170,55.0114,16.0013,38.0532,296.1919,0.22550,16,OK
80,2,64,22,nvlink,5,serial,4,4096,17,2147483648,309.0862,140.0190,0.0413,122.7227,571.8902,0.20913,68,OK
80,2,64,22,nvlink,5,batched,4,4096,,,,,,,,,,OOM_SKIP
80,2,64,22,loopback,25.2,serial,4,4096,17,2147483648,309.4451,140.0358,0.2025,122.5169,572.2202,0.20931,68,OK
80,2,64,22,loopback,25.2,batched,4,4096,,,,,,,,,,OOM_SKIP
80,2,64,22,wan,2000,serial,4,4096,17,2147483648,443.8349,141.5510,16.0011,120.2849,721.7104,0.27259,68,OK
80,2,64,22,wan,2000,batched,4,4096,,,,,,,,,,OOM_SKIP
80,2,64,23,nvlink,5,serial,4,4096,18,4294967296,609.0942,265.7621,0.0408,260.9998,1135.9370,0.20369,72,OK
80,2,64,23,nvlink,5,batched,4,4096,,,,,,,,,,OOM_SKIP
80,2,64,23,loopback,25.2,serial,4,4096,18,4294967296,611.1417,278.3997,0.2024,223.5184,1113.3118,0.20711,72,OK
80,2,64,23,loopback,25.2,batched,4,4096,,,,,,,,,,OOM_SKIP
80,2,64,23,wan,2000,serial,4,4096,18,4294967296,753.0985,265.4014,16.0009,219.2797,1253.8198,0.23714,72,OK
80,2,64,23,wan,2000,batched,4,4096,,,,,,,,,,OOM_SKIP
80,2,64,24,nvlink,5,serial,4,4096,,,,,,,,,,OOM_SKIP
80,2,64,24,nvlink,5,batched,4,4096,,,,,,,,,,OOM_SKIP
80,2,64,24,loopback,25.2,serial,4,4096,,,,,,,,,,OOM_SKIP
80,2,64,24,loopback,25.2,batched,4,4096,,,,,,,,,,OOM_SKIP
80,2,64,24,wan,2000,serial,4,4096,,,,,,,,,,OOM_SKIP
80,2,64,24,wan,2000,batched,4,4096,,,,,,,,,,OOM_SKIP
80,4,16,20,nvlink,5,serial,16,256,17,536870912,79.1593,33.8887,0.1625,78.8904,192.1137,0.21057,272,OK
80,4,16,20,nvlink,5,batched,16,256,17,536870912,77.7390,32.6426,0.1628,79.0518,189.6091,0.20560,17,OK
80,4,16,20,loopback,25.2,serial,16,256,17,536870912,85.2026,33.8863,0.8118,78.6366,198.5512,0.22182,272,OK
80,4,16,20,loopback,25.2,batched,16,256,17,536870912,78.1088,32.6359,0.8111,78.8204,190.3887,0.20628,17,OK
80,4,16,20,wan,2000,serial,16,256,17,536870912,624.2407,36.2040,64.0031,115.3290,839.7925,1.23017,272,OK
80,4,16,20,wan,2000,batched,16,256,17,536870912,112.7667,32.8522,64.0051,125.7524,335.3893,0.27124,17,OK
80,4,16,21,nvlink,5,serial,16,256,18,1073741824,157.2598,68.2501,0.1661,265.5017,491.2082,0.21002,288,OK
80,4,16,21,nvlink,5,batched,16,256,18,1073741824,154.4126,66.2414,0.1661,210.8378,431.6841,0.20550,18,OK
80,4,16,21,loopback,25.2,serial,16,256,18,1073741824,161.0193,67.5753,0.8096,164.2485,393.6805,0.21290,288,OK
80,4,16,21,loopback,25.2,batched,16,256,18,1073741824,153.9767,80.0477,0.8129,188.4191,423.2829,0.21795,18,OK
80,4,16,21,wan,2000,serial,16,256,18,1073741824,738.4720,67.6648,64.0049,309.3082,1179.4778,0.75077,288,OK
80,4,16,21,wan,2000,batched,16,256,18,1073741824,189.4115,66.1611,64.0044,257.7186,577.3211,0.23802,18,OK
80,4,16,22,nvlink,5,serial,16,256,19,2147483648,309.0957,154.8482,0.1634,550.9311,1015.0951,0.21604,304,OK
80,4,16,22,nvlink,5,batched,16,256,,,,,,,,,,OOM_SKIP
80,4,16,22,loopback,25.2,serial,16,256,19,2147483648,312.9801,155.9789,0.8094,454.4339,924.2661,0.21838,304,OK
80,4,16,22,loopback,25.2,batched,16,256,,,,,,,,,,OOM_SKIP
80,4,16,22,wan,2000,serial,16,256,19,2147483648,915.0392,154.7380,64.0038,502.3101,1636.1539,0.49815,304,OK
80,4,16,22,wan,2000,batched,16,256,,,,,,,,,,OOM_SKIP
80,4,16,23,nvlink,5,serial,16,256,20,4294967296,605.5355,319.1174,0.1645,896.9223,1822.4321,0.21529,320,OK
80,4,16,23,nvlink,5,batched,16,256,,,,,,,,,,OOM_SKIP
80,4,16,23,loopback,25.2,serial,16,256,20,4294967296,614.7043,307.9997,0.8111,878.3782,1802.0509,0.21483,320,OK
80,4,16,23,loopback,25.2,batched,16,256,,,,,,,,,,OOM_SKIP
80,4,16,23,wan,2000,serial,16,256,20,4294967296,1254.1116,374.7957,64.0034,1290.4932,2983.5814,0.37926,320,OK
80,4,16,23,wan,2000,batched,16,256,,,,,,,,,,OOM_SKIP
80,4,16,24,nvlink,5,serial,16,256,21,8589934592,1207.8443,616.1950,0.1663,1778.3002,3602.8438,0.21235,336,OK
80,4,16,24,nvlink,5,batched,16,256,,,,,,,,,,OOM_SKIP
80,4,16,24,loopback,25.2,serial,16,256,21,8589934592,1212.1086,609.8224,0.8109,1751.3578,3574.4507,0.21210,336,OK
80,4,16,24,loopback,25.2,batched,16,256,,,,,,,,,,OOM_SKIP
80,4,16,24,wan,2000,serial,16,256,21,8589934592,1879.4586,634.0576,64.9545,1803.2179,4382.0125,0.29261,336,OK
80,4,16,24,wan,2000,batched,16,256,,,,,,,,,,OOM_SKIP
80,8,4,20,nvlink,5,serial,64,16,19,536870912,89.5446,62.8657,0.6496,524.8436,678.0158,0.28389,1216,OK
80,8,4,20,nvlink,5,batched,64,16,19,536870912,76.9290,60.0701,0.6542,534.6909,672.3920,0.25518,19,OK
80,8,4,20,loopback,25.2,serial,64,16,19,536870912,114.5111,61.4958,3.2561,553.2791,732.5901,0.32784,1216,OK
80,8,4,20,loopback,25.2,batched,64,16,19,536870912,77.2537,58.1634,3.2414,424.4576,563.1639,0.25223,19,OK
80,8,4,20,wan,2000,serial,64,16,19,536870912,2526.7039,69.8390,256.0332,664.3052,3516.9350,4.83644,1216,OK
80,8,4,20,wan,2000,batched,64,16,19,536870912,114.8409,61.1329,257.4560,582.9485,1016.4279,0.32778,19,OK
80,8,4,21,nvlink,5,serial,64,16,20,1073741824,168.7779,115.6360,0.6678,1107.1110,1392.2865,0.26488,1280,OK
80,8,4,21,nvlink,5,batched,64,16,20,1073741824,152.1636,115.9816,0.6505,1175.7373,1444.6274,0.24973,20,OK
80,8,4,21,loopback,25.2,serial,64,16,20,1073741824,192.2653,116.7391,3.2557,1147.7146,1460.0649,0.28778,1280,OK
80,8,4,21,loopback,25.2,batched,64,16,20,1073741824,152.5783,112.9863,3.2382,1166.5560,1435.4495,0.24733,20,OK
80,8,4,21,wan,2000,serial,64,16,20,1073741824,2729.7581,129.1266,256.0255,1314.0484,4429.0754,2.66254,1280,OK
80,8,4,21,wan,2000,batched,64,16,20,1073741824,192.1445,114.3391,258.1120,1074.0497,1638.7440,0.28544,20,OK
80,8,4,22,nvlink,5,serial,64,16,21,2147483648,322.1709,250.6969,0.6515,2238.8716,2812.6127,0.26676,1344,OK
80,8,4,22,nvlink,5,batched,64,16,,,,,,,,,,OOM_SKIP
80,8,4,22,loopback,25.2,serial,64,16,21,2147483648,350.2521,245.5512,3.2509,2295.1541,2894.4365,0.27744,1344,OK
80,8,4,22,loopback,25.2,batched,64,16,,,,,,,,,,OOM_SKIP
80,8,4,22,wan,2000,serial,64,16,21,2147483648,3024.3219,248.0968,259.5324,2882.6307,6414.8611,1.52384,1344,OK
80,8,4,22,wan,2000,batched,64,16,,,,,,,,,,OOM_SKIP
80,8,4,23,nvlink,5,serial,64,16,22,4294967296,629.5234,488.8080,0.6524,4083.1381,5202.6619,0.26038,1408,OK
80,8,4,23,nvlink,5,batched,64,16,,,,,,,,,,OOM_SKIP
80,8,4,23,loopback,25.2,serial,64,16,22,4294967296,657.3887,478.5424,3.2389,4110.4232,5250.1346,0.26448,1408,OK
80,8,4,23,loopback,25.2,batched,64,16,,,,,,,,,,OOM_SKIP
80,8,4,23,wan,2000,serial,64,16,22,4294967296,3440.0397,492.7510,261.4459,4584.0855,8778.8406,0.91567,1408,OK
80,8,4,23,wan,2000,batched,64,16,,,,,,,,,,OOM_SKIP
80,8,4,24,nvlink,5,serial,64,16,23,8589934592,1226.7756,1027.5009,0.6632,8490.1609,10746.3221,0.26243,1472,OK
80,8,4,24,nvlink,5,batched,64,16,,,,,,,,,,OOM_SKIP
80,8,4,24,loopback,25.2,serial,64,16,23,8589934592,1257.7269,1045.1924,3.2500,8537.9606,10845.7891,0.26810,1472,OK
80,8,4,24,loopback,25.2,batched,64,16,,,,,,,,,,OOM_SKIP
80,8,4,24,wan,2000,serial,64,16,23,8589934592,4168.9264,1033.9405,256.4382,8934.9225,14395.5136,0.60569,1472,OK
80,8,4,24,wan,2000,batched,64,16,,,,,,,,,,OOM_SKIP
128,2,128,20,nvlink,5,serial,4,16384,14,1073741824,158.8554,52.0042,0.0406,18.2078,229.1167,0.19638,56,OK
128,2,128,20,nvlink,5,batched,4,16384,,,,,,,,,,CRASH
128,2,128,20,loopback,25.2,serial,4,16384,14,1073741824,163.9860,60.6133,0.2026,106.8782,331.6908,0.20917,56,OK
128,2,128,20,loopback,25.2,batched,4,16384,,,,,,,,,,CRASH
128,2,128,20,wan,2000,serial,4,16384,14,1073741824,272.5060,54.1627,16.0007,39.4993,382.1785,0.30423,56,OK
128,2,128,20,wan,2000,batched,4,16384,,,,,,,,,,CRASH
128,2,128,21,nvlink,5,serial,4,16384,15,2147483648,310.9344,106.5604,0.0411,52.9436,470.5005,0.19441,60,OK
128,2,128,21,nvlink,5,batched,4,16384,,,,,,,,,,OOM_SKIP
128,2,128,21,loopback,25.2,serial,4,16384,15,2147483648,311.5897,105.8901,0.2025,39.9000,457.5963,0.19440,60,OK
128,2,128,21,loopback,25.2,batched,4,16384,,,,,,,,,,OOM_SKIP
128,2,128,21,wan,2000,serial,4,16384,15,2147483648,433.5004,119.2109,16.0008,40.8264,609.5559,0.25738,60,OK
128,2,128,21,wan,2000,batched,4,16384,,,,,,,,,,OOM_SKIP
128,2,128,22,nvlink,5,serial,4,16384,16,4294967296,618.0114,255.4518,0.0407,180.0841,1053.6123,0.20337,64,OK
128,2,128,22,nvlink,5,batched,4,16384,,,,,,,,,,OOM_SKIP
128,2,128,22,loopback,25.2,serial,4,16384,16,4294967296,618.9371,261.5016,0.2024,125.4812,1006.1468,0.20499,64,OK
128,2,128,22,loopback,25.2,batched,4,16384,,,,,,,,,,OOM_SKIP
128,2,128,22,wan,2000,serial,4,16384,16,4294967296,747.1216,261.4364,16.0008,173.2387,1197.8284,0.23482,64,OK
128,2,128,22,wan,2000,batched,4,16384,,,,,,,,,,OOM_SKIP
128,2,128,23,nvlink,5,serial,4,16384,,,,,,,,,,OOM_SKIP
128,2,128,23,nvlink,5,batched,4,16384,,,,,,,,,,OOM_SKIP
128,2,128,23,loopback,25.2,serial,4,16384,,,,,,,,,,OOM_SKIP
128,2,128,23,loopback,25.2,batched,4,16384,,,,,,,,,,OOM_SKIP
128,2,128,23,wan,2000,serial,4,16384,,,,,,,,,,OOM_SKIP
128,2,128,23,wan,2000,batched,4,16384,,,,,,,,,,OOM_SKIP
128,2,128,24,nvlink,5,serial,4,16384,,,,,,,,,,OOM_SKIP
128,2,128,24,nvlink,5,batched,4,16384,,,,,,,,,,OOM_SKIP
128,2,128,24,loopback,25.2,serial,4,16384,,,,,,,,,,OOM_SKIP
128,2,128,24,loopback,25.2,batched,4,16384,,,,,,,,,,OOM_SKIP
128,2,128,24,wan,2000,serial,4,16384,,,,,,,,,,OOM_SKIP
128,2,128,24,wan,2000,batched,4,16384,,,,,,,,,,OOM_SKIP
128,4,16,20,nvlink,5,serial,16,256,17,536870912,79.6186,35.6471,0.1644,123.0677,238.5115,0.21470,272,OK
128,4,16,20,nvlink,5,batched,16,256,17,536870912,78.9946,35.3297,0.1629,108.3912,222.8923,0.21295,17,OK
128,4,16,20,loopback,25.2,serial,16,256,17,536870912,85.3111,35.5947,0.8112,79.7308,201.4600,0.22520,272,OK
128,4,16,20,loopback,25.2,batched,16,256,17,536870912,80.3522,34.8857,0.8092,130.4243,246.4834,0.21465,17,OK
128,4,16,20,wan,2000,serial,16,256,17,536870912,624.8674,38.1093,64.0052,116.3360,843.3342,1.23489,272,OK
128,4,16,20,wan,2000,batched,16,256,17,536870912,113.1267,35.1007,64.0034,129.6344,341.8777,0.27610,17,OK
128,4,16,21,nvlink,5,serial,16,256,18,1073741824,155.7890,71.1161,0.1636,215.8043,442.8992,0.21132,288,OK
128,4,16,21,nvlink,5,batched,16,256,18,1073741824,153.6416,69.2265,0.1630,216.7558,439.8123,0.20756,18,OK
128,4,16,21,loopback,25.2,serial,16,256,18,1073741824,161.5539,71.7652,0.8110,249.8558,484.0140,0.21730,288,OK
128,4,16,21,loopback,25.2,batched,16,256,18,1073741824,154.1970,85.5805,0.8094,173.9318,414.5461,0.22331,18,OK
128,4,16,21,wan,2000,serial,16,256,18,1073741824,731.4199,85.7853,64.0047,189.6000,1070.8407,0.76108,288,OK
128,4,16,21,wan,2000,batched,16,256,18,1073741824,189.6754,86.0602,64.0028,397.0016,736.7681,0.25680,18,OK
128,4,16,22,nvlink,5,serial,16,256,19,2147483648,306.5351,167.1163,0.1632,510.7466,984.6190,0.22056,304,OK
128,4,16,22,nvlink,5,batched,16,256,,,,,,,,,,OOM_SKIP
128,4,16,22,loopback,25.2,serial,16,256,19,2147483648,313.6914,198.2937,0.8099,792.8373,1305.6995,0.23841,304,OK
128,4,16,22,loopback,25.2,batched,16,256,,,,,,,,,,OOM_SKIP
128,4,16,22,wan,2000,serial,16,256,19,2147483648,917.1617,168.6320,64.0047,580.1327,1729.9956,0.50561,304,OK
128,4,16,22,wan,2000,batched,16,256,,,,,,,,,,OOM_SKIP
128,4,16,23,nvlink,5,serial,16,256,20,4294967296,607.0554,323.2412,0.1640,928.4060,1859.0022,0.21660,320,OK
128,4,16,23,nvlink,5,batched,16,256,,,,,,,,,,OOM_SKIP
128,4,16,23,loopback,25.2,serial,16,256,20,4294967296,612.6715,320.7682,0.8110,980.8555,1915.2329,0.21733,320,OK
128,4,16,23,loopback,25.2,batched,16,256,,,,,,,,,,OOM_SKIP
128,4,16,23,wan,2000,serial,16,256,20,4294967296,1246.2434,319.8635,67.4639,1184.0750,2817.7868,0.36464,320,OK
128,4,16,23,wan,2000,batched,16,256,,,,,,,,,,OOM_SKIP
128,4,16,24,nvlink,5,serial,16,256,21,8589934592,1207.2589,606.6047,0.1645,1745.4400,3559.7976,0.21116,336,OK
128,4,16,24,nvlink,5,batched,16,256,,,,,,,,,,OOM_SKIP
128,4,16,24,loopback,25.2,serial,16,256,21,8589934592,1211.6984,610.6177,0.8098,1653.1345,3476.5730,0.21215,336,OK
128,4,16,24,loopback,25.2,batched,16,256,,,,,,,,,,OOM_SKIP
128,4,16,24,wan,2000,serial,16,256,21,8589934592,1876.7580,611.2255,64.0054,1701.6594,4253.9501,0.28964,336,OK
128,4,16,24,wan,2000,batched,16,256,,,,,,,,,,OOM_SKIP
128,8,8,20,nvlink,5,serial,64,64,18,1073741824,163.0868,91.4854,0.6654,578.4141,833.6991,0.23709,1152,OK
128,8,8,20,nvlink,5,batched,64,64,18,1073741824,153.3714,84.0243,0.6501,491.2028,729.2934,0.22109,18,OK
128,8,8,20,loopback,25.2,serial,64,64,18,1073741824,189.3519,88.6294,3.2500,523.6555,804.9811,0.25889,1152,OK
128,8,8,20,loopback,25.2,batched,64,64,18,1073741824,154.1713,91.9082,3.2461,494.6880,744.0612,0.22918,18,OK
128,8,8,20,wan,2000,serial,64,64,18,1073741824,2471.5281,94.1142,256.0222,648.8565,3470.5784,2.38944,1152,OK
128,8,8,20,wan,2000,batched,64,64,18,1073741824,189.3023,83.9928,256.9922,575.5299,1105.8669,0.25453,18,OK
128,8,8,21,nvlink,5,serial,64,64,19,2147483648,319.0889,164.0765,0.6515,1276.9218,1760.8395,0.22499,1216,OK
128,8,8,21,nvlink,5,batched,64,64,,,,,,,,,,OOM_SKIP
128,8,8,21,loopback,25.2,serial,64,64,19,2147483648,343.0024,166.5252,3.2369,1164.9593,1677.8289,0.23727,1216,OK
128,8,8,21,loopback,25.2,batched,64,64,,,,,,,,,,OOM_SKIP
128,8,8,21,wan,2000,serial,64,64,19,2147483648,2752.7642,172.2503,257.6802,1405.1542,4587.9632,1.36207,1216,OK
128,8,8,21,wan,2000,batched,64,64,,,,,,,,,,OOM_SKIP
128,8,8,22,nvlink,5,serial,64,64,20,4294967296,614.8184,372.9161,0.6650,2321.0865,3309.6940,0.22997,1280,OK
128,8,8,22,nvlink,5,batched,64,64,,,,,,,,,,OOM_SKIP
128,8,8,22,loopback,25.2,serial,64,64,20,4294967296,645.4337,364.1368,3.2465,2394.8601,3407.8879,0.23506,1280,OK
128,8,8,22,loopback,25.2,batched,64,64,,,,,,,,,,OOM_SKIP
128,8,8,22,wan,2000,serial,64,64,20,4294967296,3192.4534,368.6353,256.0217,2931.2968,6748.6409,0.82913,1280,OK
128,8,8,22,wan,2000,batched,64,64,,,,,,,,,,OOM_SKIP
128,8,8,23,nvlink,5,serial,64,64,21,8589934592,1221.2135,716.4763,0.6612,4920.5938,6859.4676,0.22558,1344,OK
128,8,8,23,nvlink,5,batched,64,64,,,,,,,,,,OOM_SKIP
128,8,8,23,loopback,25.2,serial,64,64,21,8589934592,1246.8972,727.0864,3.2505,4214.8851,6192.6356,0.22980,1344,OK
128,8,8,23,loopback,25.2,batched,64,64,,,,,,,,,,OOM_SKIP
128,8,8,23,wan,2000,serial,64,64,21,8589934592,3905.5736,767.8140,256.0240,4998.9175,9928.8615,0.54405,1344,OK
128,8,8,23,wan,2000,batched,64,64,,,,,,,,,,OOM_SKIP
128,8,8,24,nvlink,5,serial,64,64,22,17179869184,2415.7882,1439.0004,0.6639,8374.7797,12231.3910,0.22438,1408,OK
128,8,8,24,nvlink,5,batched,64,64,,,,,,,,,,OOM_SKIP
128,8,8,24,loopback,25.2,serial,64,64,22,17179869184,2452.0932,1737.9542,3.2438,8741.5016,12936.0485,0.24389,1408,OK
128,8,8,24,loopback,25.2,batched,64,64,,,,,,,,,,OOM_SKIP
128,8,8,24,wan,2000,serial,64,64,22,17179869184,5243.1554,1603.2222,256.3384,14637.5835,21741.8186,0.39851,1408,OK
128,8,8,24,wan,2000,batched,64,64,,,,,,,,,,OOM_SKIP
