gpu,victim,logN,batch,blocks,sleep_ns,mode,agg_GBps,victim_ms,slowdown_raw
NVIDIA_L40S,merge,22,16,0,-,none,0,1.2026,1.000
NVIDIA_L40S,merge,22,16,8,0,sleep_only,0.0,1.1861,0.986
NVIDIA_L40S,merge,22,16,8,0,stream,73.2,1.2847,1.068
NVIDIA_L40S,merge,22,16,8,10000,stream,51.2,1.2686,1.055
NVIDIA_L40S,merge,22,16,8,30000,stream,39.2,1.2507,1.040
NVIDIA_L40S,merge,22,16,8,0,rowburst,62.4,1.2756,1.061
NVIDIA_L40S,merge,22,16,8,10000,rowburst,47.2,1.2513,1.041
NVIDIA_L40S,merge,22,16,8,30000,rowburst,36.0,1.2354,1.027
NVIDIA_L40S,merge,22,16,16,0,sleep_only,0.0,1.1695,0.972
NVIDIA_L40S,merge,22,16,16,0,stream,139.3,1.4134,1.175
NVIDIA_L40S,merge,22,16,16,10000,stream,105.7,1.3787,1.147
NVIDIA_L40S,merge,22,16,16,30000,stream,85.1,1.3422,1.116
NVIDIA_L40S,merge,22,16,16,0,rowburst,124.5,1.3869,1.153
NVIDIA_L40S,merge,22,16,16,10000,rowburst,99.3,1.3589,1.130
NVIDIA_L40S,merge,22,16,16,30000,rowburst,75.3,1.3045,1.085
NVIDIA_L40S,merge,22,16,32,0,sleep_only,0.0,1.1500,0.956
NVIDIA_L40S,merge,22,16,32,0,stream,259.2,2.0305,1.688
NVIDIA_L40S,merge,22,16,32,10000,stream,221.1,1.8203,1.514
NVIDIA_L40S,merge,22,16,32,30000,stream,181.2,1.6764,1.394
NVIDIA_L40S,merge,22,16,32,0,rowburst,242.8,1.8110,1.506
NVIDIA_L40S,merge,22,16,32,10000,rowburst,203.2,1.6848,1.401
NVIDIA_L40S,merge,22,16,32,30000,rowburst,159.0,1.5412,1.282
NVIDIA_L40S,f4g_sm,22,16,0,-,none,0,1.1351,1.000
NVIDIA_L40S,f4g_sm,22,16,8,0,sleep_only,0.0,1.1309,0.996
NVIDIA_L40S,f4g_sm,22,16,8,0,stream,68.9,1.2029,1.060
NVIDIA_L40S,f4g_sm,22,16,8,10000,stream,47.0,1.1912,1.049
NVIDIA_L40S,f4g_sm,22,16,8,30000,stream,35.4,1.1780,1.038
NVIDIA_L40S,f4g_sm,22,16,8,0,rowburst,60.7,1.2000,1.057
NVIDIA_L40S,f4g_sm,22,16,8,10000,rowburst,46.1,1.1863,1.045
NVIDIA_L40S,f4g_sm,22,16,8,30000,rowburst,35.0,1.1775,1.037
NVIDIA_L40S,f4g_sm,22,16,16,0,sleep_only,0.0,1.1294,0.995
NVIDIA_L40S,f4g_sm,22,16,16,0,stream,133.8,1.3175,1.161
NVIDIA_L40S,f4g_sm,22,16,16,10000,stream,97.8,1.2728,1.121
NVIDIA_L40S,f4g_sm,22,16,16,30000,stream,75.3,1.2421,1.094
NVIDIA_L40S,f4g_sm,22,16,16,0,rowburst,120.8,1.2944,1.140
NVIDIA_L40S,f4g_sm,22,16,16,10000,rowburst,93.9,1.2607,1.111
NVIDIA_L40S,f4g_sm,22,16,16,30000,rowburst,71.4,1.2298,1.083
NVIDIA_L40S,f4g_sm,22,16,32,0,sleep_only,0.0,1.1090,0.977
NVIDIA_L40S,f4g_sm,22,16,32,0,stream,252.4,1.7382,1.531
NVIDIA_L40S,f4g_sm,22,16,32,10000,stream,209.6,1.5667,1.380
NVIDIA_L40S,f4g_sm,22,16,32,30000,stream,168.8,1.4864,1.309
NVIDIA_L40S,f4g_sm,22,16,32,0,rowburst,237.6,1.5982,1.408
NVIDIA_L40S,f4g_sm,22,16,32,10000,rowburst,199.4,1.5058,1.327
NVIDIA_L40S,f4g_sm,22,16,32,30000,rowburst,155.7,1.4324,1.262
NVIDIA_L40S,f4g_full,22,16,0,-,none,0,1.7608,1.000
NVIDIA_L40S,f4g_full,22,16,8,0,sleep_only,0.0,1.7551,0.997
NVIDIA_L40S,f4g_full,22,16,8,0,stream,62.1,1.8899,1.073
NVIDIA_L40S,f4g_full,22,16,8,10000,stream,45.0,1.8673,1.061
NVIDIA_L40S,f4g_full,22,16,8,30000,stream,35.2,1.8458,1.048
NVIDIA_L40S,f4g_full,22,16,8,0,rowburst,55.2,1.8820,1.069
NVIDIA_L40S,f4g_full,22,16,8,10000,rowburst,43.7,1.8580,1.055
NVIDIA_L40S,f4g_full,22,16,8,30000,rowburst,33.9,1.8381,1.044
NVIDIA_L40S,f4g_full,22,16,16,0,sleep_only,0.0,1.7485,0.993
NVIDIA_L40S,f4g_full,22,16,16,0,stream,121.8,2.0731,1.177
NVIDIA_L40S,f4g_full,22,16,16,10000,stream,91.3,2.0009,1.136
NVIDIA_L40S,f4g_full,22,16,16,30000,stream,72.4,1.9538,1.110
NVIDIA_L40S,f4g_full,22,16,16,0,rowburst,109.8,2.0400,1.159
NVIDIA_L40S,f4g_full,22,16,16,10000,rowburst,88.2,1.9832,1.126
NVIDIA_L40S,f4g_full,22,16,16,30000,rowburst,69.3,1.9363,1.100
NVIDIA_L40S,f4g_full,22,16,32,0,sleep_only,0.0,1.7318,0.984
NVIDIA_L40S,f4g_full,22,16,32,0,stream,237.0,2.7290,1.550
NVIDIA_L40S,f4g_full,22,16,32,10000,stream,196.9,2.4846,1.411
NVIDIA_L40S,f4g_full,22,16,32,30000,stream,154.5,2.3180,1.316
NVIDIA_L40S,f4g_full,22,16,32,0,rowburst,217.4,2.5069,1.424
NVIDIA_L40S,f4g_full,22,16,32,10000,rowburst,185.2,2.3753,1.349
NVIDIA_L40S,f4g_full,22,16,32,30000,rowburst,144.6,2.2345,1.269
