phase,start,end,note
idle_nocontext,1790990403.761453801,1790990413.763046814,no process
idle_context,1790990413.774600202,1790990424.068360038,CUDA context held, no work
dpf_c8t4,1790990424.417657040,1790990434.397111728,logN 22, n=21 B=16, 1118 iters
dpf_c4t16,1790990434.799916623,1790990445.165077382,logN 22, n=19 B=256, 351 iters
dpf_c8t8,1790990445.516569344,1790990455.795113671,logN 22, n=20 B=64, 652 iters
dpf_c2t64,1790990456.488035810,1790990467.067687407,logN 22, n=17 B=4096, 93 iters
dpf_c2t128,1790990468.212036898,1790990479.393086538,logN 22, n=16 B=16384, 47 iters
ntt_merge_lg20_b4,1790990479.404488780,1790990489.894975613,GPU-NTT merge poly-mul
ntt_merge_lg20_b16,1790990489.906316377,1790990500.335322613,GPU-NTT merge poly-mul
ntt_merge_lg20_b64,1790990500.346714057,1790990510.824670486,GPU-NTT merge poly-mul
ntt_merge_lg22_b4,1790990510.836121509,1790990521.695164972,GPU-NTT merge poly-mul
ntt_merge_lg22_b16,1790990521.706542333,1790990532.645201978,GPU-NTT merge poly-mul
ntt_merge_lg22_b64,1790990532.656623850,1790990543.673680255,GPU-NTT merge poly-mul
ntt_merge_lg24_b4,1790990543.685074107,1790990557.135994891,GPU-NTT merge poly-mul
ntt_merge_lg24_b16,1790990557.147315883,1790990570.739464913,GPU-NTT merge poly-mul
ntt_merge_lg24_b64,1790990570.750972975,1790990584.533670768,GPU-NTT merge poly-mul
ntt_f4gsm_lg22_b16,1790990584.545058241,1790990595.083433660,four-step SM lane (DRU design)
